Rk,Name,Age,Tm,Lg,G,PA,AB,R,H,2B,3B,HR,RBI,SB,CS,BB,SO,BA,OBP,SLG,OPS,OPS+,TB,GDP,HBP,SH,SF,IBB,Pos Summary
1,Fernando Abad*\abadfe01,31,BOS,AL,2,0,,,,,,,,,,,,,,,,,,,,,,,/1
2,Jose Abreu\abreujo02,30,CHW,AL,11,46,43,3,8,1,0,0,5,0,0,2,12,.186,.239,.209,.448,32,9,0,1,0,0,0,*3/D
3,Cristhian Adames#\adamecr01,25,COL,NL,7,9,9,0,0,0,0,0,0,0,0,0,4,.000,.000,.000,.000,-100,0,0,0,0,0,0,/6
4,Matt Adams*\adamsma01,28,STL,NL,10,26,23,1,4,0,0,0,1,0,0,3,10,.174,.269,.174,.443,27,4,0,0,0,0,0,/7D
5,Tim Adleman\adlemti01,29,CIN,NL,1,1,1,0,0,0,0,0,0,0,0,0,0,.000,.000,.000,.000,-100,0,0,0,0,0,0,/1
6,Jesus Aguilar\aguilje01,27,MIL,NL,11,24,22,2,8,2,0,0,3,0,0,2,7,.364,.417,.455,.871,139,10,0,0,0,0,0,/3
7,Nick Ahmed\ahmedni01,27,ARI,NL,8,19,18,4,6,1,0,1,6,0,1,1,5,.333,.368,.556,.924,142,10,1,0,0,0,0,/6
8,Matt Albers*\alberma01,34,WSN,NL,2,0,0,0,0,0,0,0,0,0,0,0,0,,,,,,0,0,0,0,0,0,/1
9,Arismendy Alcantara#\alcanar01,25,CIN,NL,8,13,12,1,1,0,0,0,0,0,0,1,7,.083,.154,.083,.237,-32,1,0,0,0,0,0,/4587
10,Raul Alcantara\alcanra01,24,OAK,AL,2,0,,,,,,,,,,,,,,,,,,,,,,,/1
11,Scott Alexander*\alexasc02,27,KCR,AL,1,0,,,,,,,,,,,,,,,,,,,,,,,/1
12,Cody Allen\allenco01,28,CLE,AL,5,0,0,0,0,0,0,0,0,0,0,0,0,,,,,,0,0,0,0,0,0,/1
13,Abraham Almonte#\almonab01,28,CLE,AL,11,31,25,3,7,1,0,0,3,1,0,6,6,.280,.419,.320,.739,105,8,0,0,0,0,0,*/97
14,Albert Almora\almoral01,23,CHC,NL,8,17,14,1,6,1,0,0,2,0,0,2,2,.429,.500,.500,1.000,179,7,0,0,1,0,0,/87
15,Yonder Alonso*\alonsyo01,30,OAK,AL,10,35,30,5,9,2,0,1,7,0,0,5,6,.300,.400,.467,.867,153,14,1,0,0,0,1,*/3
16,Dan Altavilla\altavda01,24,SEA,AL,7,0,,,,,,,,,,,,,,,,,,,,,,,/1
17,Aaron Altherr\altheaa01,26,PHI,NL,6,13,12,2,3,1,0,1,2,0,0,1,3,.250,.308,.583,.891,137,7,0,0,0,0,0,/897
18,Jose Altuve\altuvjo01,27,HOU,AL,12,55,47,7,15,3,0,0,2,5,0,8,10,.319,.418,.383,.801,136,18,3,0,0,0,2,*4
19,Dario Alvarez*\alvarda01,28,TEX,AL,3,0,,,,,,,,,,,,,,,,,,,,,,,/1
20,Jose Alvarez*\alvarjo02,28,LAA,AL,6,0,,,,,,,,,,,,,,,,,,,,,,,/1
21,Alexi Amarista*\amarial01,28,COL,NL,4,7,7,0,1,1,0,0,1,0,0,0,2,.143,.143,.286,.429,6,2,0,0,0,0,0,/47
22,Brett Anderson*\anderbr04,29,CHC,NL,2,3,3,0,0,0,0,0,0,0,0,0,2,.000,.000,.000,.000,-100,0,0,0,0,0,0,/1
23,Chase Anderson\anderch01,29,MIL,NL,2,2,2,0,0,0,0,0,0,0,0,0,2,.000,.000,.000,.000,-100,0,0,0,0,0,0,/1
24,Tim Anderson\anderti01,24,CHW,AL,10,44,43,4,6,0,0,1,2,1,0,1,12,.140,.159,.209,.368,6,9,0,0,0,0,0,*6
25,Tyler Anderson*\anderty01,27,COL,NL,3,5,4,0,1,0,0,0,0,0,0,0,2,.250,.250,.250,.500,29,1,0,0,1,0,0,/1
26,Matt Andriese\andrima01,27,TBR,AL,2,0,,,,,,,,,,,,,,,,,,,,,,,/1
27,Elvis Andrus\andruel01,28,TEX,AL,12,49,47,8,15,4,1,3,3,2,1,2,4,.319,.347,.638,.985,163,30,3,0,0,0,0,*6
28,Nori Aoki*\aokino01,35,HOU,AL,8,28,24,4,9,1,0,1,4,1,0,2,1,.375,.407,.542,.949,174,13,2,0,1,1,0,*/7
29,Chris Archer\archech01,28,TBR,AL,3,0,,,,,,,,,,,,,,,,,,,,,,,/1
30,Orlando Arcia\arciaor01,22,MIL,NL,11,40,38,4,8,0,1,0,1,1,1,2,10,.211,.250,.263,.513,41,10,0,0,0,0,0,*6
31,Nolan Arenado\arenano01,26,COL,NL,14,58,52,8,17,5,0,4,8,0,0,5,8,.327,.397,.654,1.050,163,34,1,1,0,0,0,*5
32,Shawn Armstrong\armstsh01,26,CLE,AL,4,0,0,0,0,0,0,0,0,0,0,0,0,,,,,,0,0,0,0,0,0,/1
33,Jake Arrieta\arrieja01,31,CHC,NL,3,8,8,0,1,0,0,0,0,0,0,0,3,.125,.125,.125,.250,-30,1,0,0,0,0,0,/1
34,Bronson Arroyo\arroybr01,40,CIN,NL,2,3,2,0,0,0,0,0,0,0,0,0,0,.000,.000,.000,.000,-100,0,0,0,1,0,0,/1
35,Cody Asche*\ascheco01,27,CHW,AL,8,28,25,3,2,0,0,0,1,0,0,2,9,.080,.179,.080,.259,-21,2,0,1,0,0,0,/D37
36,Alec Asher\asheral01,25,BAL,AL,1,0,,,,,,,,,,,,,,,,,,,,,,,/1
37,Barrett Astin\astinba01,25,CIN,NL,2,0,0,0,0,0,0,0,0,0,0,0,0,,,,,,0,0,0,0,0,0,/1
38,Alex Avila*\avilaal01,30,DET,AL,5,14,10,2,7,2,0,2,5,0,0,4,3,.700,.786,1.500,2.286,538,15,0,0,0,0,0,/2D
39,Luis Avilan*\avilalu01,27,LAD,NL,6,1,1,0,0,0,0,0,0,0,0,0,1,.000,.000,.000,.000,-100,0,0,0,0,0,0,/1
40,Erick Aybar#\aybarer01,33,SDP,NL,13,41,34,1,5,2,0,0,0,0,0,6,3,.147,.293,.206,.499,40,7,1,1,0,0,1,*6
41,Javier Baez\baezja01,24,CHC,NL,11,35,31,4,7,2,0,0,3,0,1,3,10,.226,.294,.290,.584,63,9,0,0,1,0,3,*4/3
42,Pedro Baez\baezpe01,29,LAD,NL,2,0,0,0,0,0,0,0,0,0,0,0,0,,,,,,0,0,0,0,0,0,/1
43,Andrew Bailey\bailean01,33,LAA,AL,3,0,,,,,,,,,,,,,,,,,,,,,,,/1
44,Jett Bandy\bandyje01,27,MIL,NL,8,26,24,3,6,1,0,1,2,0,0,1,7,.250,.308,.417,.724,96,10,1,1,0,0,0,/2
45,Austin Barnes\barneau01,27,LAD,NL,6,16,14,4,3,0,1,1,1,1,0,2,5,.214,.313,.571,.884,138,8,0,0,0,0,0,/25
46,Jacob Barnes\barneja01,27,MIL,NL,7,0,0,0,0,0,0,0,0,0,0,0,0,,,,,,0,0,0,0,0,0,/1
47,Matt Barnes\barnema01,27,BOS,AL,7,0,,,,,,,,,,,,,,,,,,,,,,,/1
48,Tony Barnette\barneto01,33,TEX,AL,5,0,,,,,,,,,,,,,,,,,,,,,,,/1
49,Darwin Barney\barneda01,31,TOR,AL,7,12,11,1,5,0,0,0,2,0,0,1,1,.455,.500,.455,.955,170,5,0,0,0,0,0,/547
50,Tucker Barnhart#\barnhtu01,26,CIN,NL,10,37,32,3,9,2,0,0,2,0,0,3,4,.281,.343,.344,.687,88,11,2,0,2,0,1,*2
51,Kyle Barraclough\barraky01,27,MIA,NL,7,0,0,0,0,0,0,0,0,0,0,0,0,,,,,,0,0,0,0,0,0,/1
52,Antonio Bastardo\bastaan01,31,PIT,NL,4,0,0,0,0,0,0,0,0,0,0,0,0,,,,,,0,0,0,0,0,0,/1
53,Trevor Bauer\bauertr01,26,CLE,AL,2,2,2,0,0,0,0,0,0,0,0,0,0,.000,.000,.000,.000,-100,0,0,0,0,0,0,/1
54,Jose Bautista\bautijo02,36,TOR,AL,12,53,44,7,6,2,0,0,1,0,0,7,15,.136,.264,.182,.446,28,8,1,1,0,1,0,*9/D
55,Tim Beckham\beckhti01,27,TBR,AL,11,38,36,3,7,1,0,1,1,0,0,1,15,.194,.216,.306,.522,49,11,1,0,1,0,0,*6
56,Cam Bedrosian\bedroca01,25,LAA,AL,4,0,,,,,,,,,,,,,,,,,,,,,,,/1
57,Matt Belisle\belisma01,37,MIN,AL,6,0,,,,,,,,,,,,,,,,,,,,,,,/1
58,Josh Bell#\belljo02,24,PIT,NL,12,36,32,1,5,2,0,0,1,0,0,4,5,.156,.250,.219,.469,30,7,3,0,0,0,0,*/3
59,Brandon Belt*\beltbr01,29,SFG,NL,13,60,51,9,11,3,1,3,7,1,0,9,12,.216,.333,.490,.824,123,25,0,0,0,0,0,*3
60,Carlos Beltran#\beltrca01,40,HOU,AL,12,48,46,1,13,3,0,0,5,0,0,2,12,.283,.313,.348,.660,92,16,1,0,0,0,0,*D/7
61,Andrew Benintendi*\beninan01,22,BOS,AL,12,55,47,7,13,3,0,1,7,1,0,5,5,.277,.364,.404,.768,110,19,1,2,0,1,0,*/87
62,Joaquin Benoit\benoijo01,39,PHI,NL,6,0,0,0,0,0,0,0,0,0,0,0,0,,,,,,0,0,0,0,0,0,/1
63,Dellin Betances\betande01,29,NYY,AL,6,0,,,,,,,,,,,,,,,,,,,,,,,/1
64,Christian Bethancourt\bethach01,25,SDP,NL,5,4,4,0,1,0,0,0,0,0,0,0,1,.250,.250,.250,.500,38,1,0,0,0,0,0,/1
65,Mookie Betts\bettsmo01,24,BOS,AL,9,41,36,4,11,2,0,0,2,0,0,5,0,.306,.390,.361,.751,108,13,1,0,0,0,1,*/9
66,Joe Biagini\biagijo01,27,TOR,AL,7,0,,,,,,,,,,,,,,,,,,,,,,,/1
67,Greg Bird*\birdgr01,24,NYY,AL,8,34,29,2,4,2,0,1,2,0,0,5,13,.138,.265,.310,.575,61,9,0,0,0,0,0,*/3
68,Ty Blach\blachty01,26,SFG,NL,5,0,0,0,0,0,0,0,0,0,0,0,0,,,,,,0,0,0,0,0,0,/1
69,Charlie Blackmon*\blackch02,30,COL,NL,14,61,56,5,13,1,1,3,9,1,1,4,14,.232,.283,.446,.730,83,25,0,0,1,0,0,*8
70,Andres Blanco#\blancan01,33,PHI,NL,5,6,6,1,2,0,0,1,1,0,0,0,2,.333,.333,.833,1.167,205,5,0,0,0,0,0,/36
71,Joe Blanton\blantjo01,36,WSN,NL,6,1,0,0,0,0,0,0,0,0,0,1,0,,1.000,,,,0,0,0,0,0,0,/1
72,Jabari Blash\blashja01,27,SDP,NL,4,10,8,0,0,0,0,0,0,0,0,2,5,.000,.200,.000,.200,-38,0,0,0,0,0,0,/7
73,Jerry Blevins*\blevije01,33,NYM,NL,8,0,0,0,0,0,0,0,0,0,0,0,0,,,,,,0,0,0,0,0,0,*/1
74,Xander Bogaerts\bogaexa01,24,BOS,AL,8,34,32,3,12,1,0,0,4,2,0,2,4,.375,.412,.406,.818,125,13,3,0,0,0,0,*/6
75,Emilio Bonifacio#\bonifem01,32,ATL,NL,9,12,11,2,1,0,0,0,0,0,0,1,3,.091,.167,.091,.258,-26,1,1,0,0,0,0,/7
76,Justin Bour*\bourju01,29,MIA,NL,12,51,42,3,6,2,0,1,4,0,0,8,15,.143,.275,.262,.536,51,11,2,0,0,1,0,*3
77,Peter Bourjos\bourjpe01,30,TBR,AL,8,15,13,2,2,0,0,1,2,1,0,2,3,.154,.267,.385,.651,86,5,0,0,0,0,0,/78
78,Matthew Bowman\bowmama01,26,STL,NL,7,0,0,0,0,0,0,0,0,0,0,0,0,,,,,,0,0,0,0,0,0,/1
79,Matt Boyd*\boydma01,26,DET,AL,3,0,,,,,,,,,,,,,,,,,,,,,,,/1
80,Brad Brach\brachbr01,31,BAL,AL,6,0,,,,,,,,,,,,,,,,,,,,,,,/1
81,Archie Bradley\bradlar01,24,ARI,NL,4,1,1,0,0,0,0,0,0,0,0,0,1,.000,.000,.000,.000,-100,0,0,0,0,0,0,/1
82,Jackie Bradley*\bradlja02,27,BOS,AL,4,17,14,3,4,0,1,0,2,1,0,2,3,.286,.353,.429,.782,113,6,0,0,0,1,0,/8
83,Michael Brantley*\brantmi02,30,CLE,AL,10,41,37,3,10,2,0,1,6,2,0,4,11,.270,.341,.405,.747,102,15,1,0,0,0,1,*7
84,Ryan Braun\braunry02,33,MIL,NL,12,50,41,8,10,1,0,4,8,3,1,9,11,.244,.380,.561,.941,153,23,1,0,0,0,0,*7/D
85,Alex Bregman\bregmal01,23,HOU,AL,12,52,42,3,10,2,0,0,3,2,0,6,9,.238,.373,.286,.658,96,12,2,3,1,0,0,*5/D6
86,Craig Breslow*\breslcr01,36,MIN,AL,3,0,,,,,,,,,,,,,,,,,,,,,,,/1
87,Zach Britton*\brittza01,29,BAL,AL,6,0,,,,,,,,,,,,,,,,,,,,,,,/1
88,Jonathan Broxton\broxtjo01,33,STL,NL,4,0,0,0,0,0,0,0,0,0,0,0,0,,,,,,0,0,0,0,0,0,/1
89,Keon Broxton\broxtke01,27,MIL,NL,11,35,31,4,5,1,0,1,2,2,1,2,14,.161,.257,.290,.547,50,9,0,2,0,0,0,*8
90,Jay Bruce*\bruceja01,30,NYM,NL,12,55,48,9,13,1,0,4,8,0,0,7,8,.271,.364,.542,.905,145,26,1,0,0,0,0,*9
91,Kris Bryant\bryankr01,25,CHC,NL,12,57,48,6,11,4,0,2,7,2,1,8,13,.229,.351,.438,.788,117,21,0,1,0,0,0,*5
92,Clay Buchholz*\buchhcl01,32,PHI,NL,2,2,2,0,0,0,0,0,0,0,0,0,2,.000,.000,.000,.000,-100,0,0,0,0,0,0,/1
93,Ryan Buchter*\buchtry01,30,SDP,NL,5,0,0,0,0,0,0,0,0,0,0,0,0,,,,,,0,0,0,0,0,0,/1
94,Madison Bumgarner\bumgama01,27,SFG,NL,3,8,7,2,2,0,0,2,2,0,0,1,1,.286,.375,1.143,1.518,294,8,0,0,0,0,0,/1
95,Dylan Bundy#\bundydy01,24,BAL,AL,3,0,,,,,,,,,,,,,,,,,,,,,,,/1
96,Matt Bush\bushma01,31,TEX,AL,4,0,,,,,,,,,,,,,,,,,,,,,,,/1
97,Drew Butera\buterdr01,33,KCR,AL,3,8,7,0,0,0,0,0,0,0,0,0,2,.000,.000,.000,.000,-100,0,0,0,1,0,0,/2
98,Byron Buxton\buxtoby01,23,MIN,AL,12,46,43,1,4,2,0,0,0,1,0,2,23,.093,.152,.140,.292,-16,6,0,1,0,0,0,*8
99,Asdrubal Cabrera#\cabreas01,31,NYM,NL,13,58,56,9,16,2,0,2,9,1,0,2,9,.286,.310,.429,.739,101,24,0,0,0,0,0,*6
100,Melky Cabrera#\cabreme01,32,CHW,AL,8,34,31,5,8,4,0,0,2,0,0,3,3,.258,.324,.387,.711,105,12,1,0,0,0,0,*/7
101,Miguel Cabrera\cabremi01,34,DET,AL,12,49,41,4,9,1,0,2,6,0,1,8,11,.220,.347,.390,.737,112,16,0,0,0,0,1,*3
102,Trevor Cahill\cahiltr01,29,SDP,NL,2,4,3,0,0,0,0,0,0,0,0,0,1,.000,.000,.000,.000,-100,0,0,0,1,0,0,/1
103,Lorenzo Cain\cainlo01,31,KCR,AL,12,51,40,5,14,2,0,0,3,4,0,11,10,.350,.490,.400,.890,154,16,0,0,0,0,1,*8
104,Matt Cain\cainma01,32,SFG,NL,2,3,3,1,1,1,0,0,0,0,0,0,2,.333,.333,.667,1.000,166,2,0,0,0,0,0,/1
105,Kole Calhoun*\calhoko01,29,LAA,AL,13,53,47,5,12,3,0,1,3,0,0,6,11,.255,.340,.383,.723,109,18,1,0,0,0,1,*9
106,Johan Camargo#\camarjo01,23,ATL,NL,3,3,3,0,1,0,0,0,1,0,0,0,2,.333,.333,.333,.667,84,1,0,0,0,0,0,
107,Mark Canha\canhama01,28,OAK,AL,6,20,19,0,2,1,0,0,0,0,0,0,6,.105,.150,.158,.308,-10,3,0,1,0,0,0,/9D7
108,Robinson Cano*\canoro01,34,SEA,AL,13,57,52,4,11,3,0,1,8,0,0,5,5,.212,.281,.327,.608,75,17,3,0,0,0,1,*4
109,Stephen Cardullo\cardust01,29,COL,NL,11,22,19,1,2,0,0,0,2,0,0,2,4,.105,.227,.105,.333,-10,2,0,1,0,0,0,/79
110,Shane Carle\carlesh01,25,COL,NL,1,0,0,0,0,0,0,0,0,0,0,0,0,,,,,,0,0,0,0,0,0,/1
111,Matt Carpenter*\carpema01,31,STL,NL,12,47,36,6,8,0,0,1,4,0,0,9,9,.222,.362,.306,.667,87,11,0,0,0,2,0,*3/D
112,Carlos Carrasco\carraca01,30,CLE,AL,3,0,,,,,,,,,,,,,,,,,,,,,,,/1
113,Ezequiel Carrera*\carreez01,30,TOR,AL,9,26,24,0,6,1,0,0,1,0,0,0,4,.250,.250,.292,.542,51,7,0,0,2,0,0,*/79
114,Chris Carter\cartech02,30,NYY,AL,7,25,22,2,4,0,1,0,3,0,0,2,8,.182,.240,.273,.513,44,6,0,0,0,1,0,/3D
115,Andrew Cashner\cashnan01,30,TEX,AL,1,0,,,,,,,,,,,,,,,,,,,,,,,/1
116,Santiago Casilla\garcija01,36,OAK,AL,5,0,,,,,,,,,,,,,,,,,,,,,,,/1
117,Nicholas Castellanos\casteni01,25,DET,AL,12,53,50,8,11,4,1,2,6,0,0,3,13,.220,.264,.460,.724,103,23,2,0,0,0,0,*5
118,Welington Castillo\castiwe01,30,BAL,AL,9,36,35,3,11,2,0,0,3,0,0,1,8,.314,.333,.371,.705,96,13,0,0,0,0,0,*/2
119,Jason Castro*\castrja01,30,MIN,AL,9,36,27,5,6,1,0,1,7,0,0,9,6,.222,.417,.370,.787,127,10,0,0,0,0,0,*/2
120,Starlin Castro\castrst01,27,NYY,AL,12,50,48,5,16,1,0,2,6,0,0,2,8,.333,.360,.479,.839,133,23,2,0,0,0,0,*4
121,Brett Cecil\cecilbr01,30,STL,NL,7,0,0,0,0,0,0,0,0,0,0,0,0,,,,,,0,0,0,0,0,0,/1
122,Xavier Cedeno*\cedenxa01,30,TBR,AL,7,0,,,,,,,,,,,,,,,,,,,,,,,/1
123,Francisco Cervelli\cervefr01,31,PIT,NL,12,44,39,6,9,3,0,2,6,0,0,4,8,.231,.318,.462,.780,110,18,0,1,0,0,0,*2
124,Yoenis Cespedes\cespeyo01,31,NYM,NL,13,57,48,9,12,3,0,6,10,0,1,8,13,.250,.351,.688,1.038,176,33,1,0,0,1,0,*7
125,Jhoulys Chacin\chacijh01,29,SDP,NL,3,6,5,0,2,0,0,0,1,0,0,0,2,.400,.400,.400,.800,120,2,0,0,1,0,0,/1
126,Andrew Chafin\chafian01,27,ARI,NL,7,0,0,0,0,0,0,0,0,0,0,0,0,,,,,,0,0,0,0,0,0,/1
127,Aroldis Chapman*\chapmar01,29,NYY,AL,5,0,,,,,,,,,,,,,,,,,,,,,,,/1
128,Tyler Chatwood\chatwty01,27,COL,NL,3,8,7,0,0,0,0,0,0,0,0,0,1,.000,.000,.000,.000,-100,0,0,0,1,0,0,/1
129,Jesse Chavez\chaveje01,33,LAA,AL,2,0,,,,,,,,,,,,,,,,,,,,,,,/1
130,Wei-Yin Chen\chenwe02,31,MIA,NL,2,4,4,0,1,0,0,0,0,0,0,0,2,.250,.250,.250,.500,41,1,0,0,0,0,0,/1
131,Robinson Chirinos\chiriro01,33,TEX,AL,4,11,10,4,4,1,0,1,6,0,0,1,3,.400,.455,.800,1.255,236,8,0,0,0,0,0,/2
132,Lonnie Chisenhall*\chiselo01,28,CLE,AL,4,12,12,4,5,1,0,2,7,0,0,0,0,.417,.417,1.000,1.417,269,12,0,0,0,0,0,/8
133,Shin-Soo Choo*\choosh01,34,TEX,AL,10,43,38,5,10,1,0,1,7,0,0,5,9,.263,.349,.368,.717,98,14,3,0,0,0,0,*/D9
134,Tony Cingrani*\cingrto01,27,CIN,NL,4,0,0,0,0,0,0,0,0,0,0,0,0,,,,,,0,0,0,0,0,0,/1
135,Alex Claudio*\claudal01,25,TEX,AL,5,0,,,,,,,,,,,,,,,,,,,,,,,/1
136,Tyler Clippard\clippty01,32,NYY,AL,7,0,,,,,,,,,,,,,,,,,,,,,,,/1
137,Alex Cobb\cobbal01,29,TBR,AL,3,0,,,,,,,,,,,,,,,,,,,,,,,/1
138,Chris Coghlan*\coghlch01,32,TOR,AL,2,6,5,0,1,0,0,0,1,0,0,0,1,.200,.167,.200,.367,2,1,0,0,0,1,0,/5
139,Gerrit Cole\colege01,26,PIT,NL,3,4,3,0,0,0,0,0,0,0,0,0,2,.000,.000,.000,.000,-100,0,0,0,1,0,0,/1
140,Tyler Collins*\collity01,27,DET,AL,9,32,31,6,11,0,0,1,2,0,1,1,10,.355,.375,.452,.827,137,14,1,0,0,0,0,*/97
141,Josh Collmenter\collmjo01,31,ATL,NL,2,0,0,0,0,0,0,0,0,0,0,0,0,,,,,,0,0,0,0,0,0,/1
142,Alex Colome\colomal01,28,TBR,AL,5,0,,,,,,,,,,,,,,,,,,,,,,,/1
143,Bartolo Colon\colonba01,44,ATL,NL,3,5,5,0,0,0,0,0,0,0,0,0,3,.000,.000,.000,.000,-100,0,0,0,0,0,0,/1
144,Christian Colon\colonch01,28,KCR,AL,2,5,4,0,0,0,0,0,0,0,0,1,1,.000,.200,.000,.200,-37,0,0,0,0,0,0,/4
145,Michael Conforto*\confomi01,24,NYM,NL,11,22,17,5,6,1,0,2,6,0,0,2,4,.353,.409,.765,1.174,213,13,0,1,0,2,0,/87
146,Adam Conley*\conlead01,27,MIA,NL,3,4,4,0,1,0,0,0,0,0,0,0,2,.250,.250,.250,.500,41,1,0,0,0,0,0,/1
147,Willson Contreras\contrwi01,25,CHC,NL,10,38,36,3,8,2,0,1,5,0,0,2,13,.222,.263,.361,.624,71,13,1,0,0,0,0,*2
148,Patrick Corbin*\corbipa01,27,ARI,NL,3,5,5,0,0,0,0,0,0,0,0,0,2,.000,.000,.000,.000,-100,0,0,0,0,0,0,/1
149,Allen Cordoba\cordoal01,21,SDP,NL,8,12,11,1,4,0,0,0,0,0,1,1,3,.364,.417,.364,.780,117,4,0,0,0,0,0,/76
150,Carlos Correa\correca01,22,HOU,AL,12,54,47,6,11,0,0,1,3,0,0,4,9,.234,.315,.298,.613,80,14,0,2,0,1,1,*6
151,Jarred Cosart\cosarja01,27,SDP,NL,2,1,1,0,0,0,0,0,0,0,0,0,1,.000,.000,.000,.000,-100,0,0,0,0,0,0,/1
152,Jharel Cotton\cottojh01,25,OAK,AL,2,0,,,,,,,,,,,,,,,,,,,,,,,/1
153,Daniel Coulombe*\couloda01,27,OAK,AL,4,0,,,,,,,,,,,,,,,,,,,,,,,/1
154,Dylan Covey\coveydy01,25,CHW,AL,1,0,,,,,,,,,,,,,,,,,,,,,,,/1
155,Zack Cozart\cozarza01,31,CIN,NL,11,43,37,5,16,2,3,1,7,1,0,5,8,.432,.488,.730,1.218,226,27,0,0,0,1,0,*6
156,Brandon Crawford*\crawfbr01,30,SFG,NL,14,52,47,9,14,3,1,2,8,0,0,3,8,.298,.327,.532,.859,131,25,0,0,0,2,0,*6
157,Stefan Crichton\crichst01,25,BAL,AL,1,0,,,,,,,,,,,,,,,,,,,,,,,/1
158,C.J. Cron\croncj01,27,LAA,AL,8,28,26,3,8,1,0,0,1,0,0,1,5,.308,.321,.346,.668,94,9,1,0,0,1,0,*/3
159,Nelson Cruz\cruzne02,36,SEA,AL,13,56,48,3,11,2,0,1,7,0,0,7,14,.229,.321,.333,.655,90,16,2,0,0,1,0,*D
160,Johnny Cueto\cuetojo01,31,SFG,NL,3,9,9,1,1,0,0,0,1,0,0,0,2,.111,.111,.111,.222,-38,1,0,0,0,0,0,/1
161,William Cuevas\cuevawi01,26,DET,AL,1,0,,,,,,,,,,,,,,,,,,,,,,,/1
162,Cheslor Cuthbert\cuthbch01,24,KCR,AL,5,15,14,1,2,0,0,1,1,0,0,1,3,.143,.200,.357,.557,52,5,1,0,0,0,0,/54D
163,Chase d'Arnaud\darnach01,30,ATL,NL,7,7,6,3,2,0,0,0,0,0,0,1,2,.333,.429,.333,.762,114,2,0,0,0,0,0,/7
164,Travis d'Arnaud\darnatr01,28,NYM,NL,10,36,31,6,10,2,1,2,9,0,0,4,5,.323,.417,.645,1.062,187,20,1,1,0,0,1,*/2
165,Yu Darvish\darviyu01,30,TEX,AL,3,0,,,,,,,,,,,,,,,,,,,,,,,/1
166,Matt Davidson\davidma02,26,CHW,AL,9,29,27,5,10,1,1,3,10,0,1,1,13,.370,.379,.815,1.194,235,22,0,0,0,1,0,/5D
167,Zach Davies\davieza02,24,MIL,NL,3,4,3,0,0,0,0,0,0,0,0,0,0,.000,.000,.000,.000,-100,0,0,0,1,0,0,/1
168,Chris Davis*\davisch02,31,BAL,AL,11,46,41,8,13,3,0,3,4,0,0,5,16,.317,.391,.610,1.001,173,25,1,0,0,0,0,*3/D
169,Khris Davis\daviskh01,29,OAK,AL,12,51,47,11,16,2,0,6,8,0,0,3,12,.340,.373,.766,1.139,223,36,1,0,0,1,0,*7/D
170,Rajai Davis\davisra01,36,OAK,AL,11,45,41,4,8,3,1,1,6,1,1,3,10,.195,.244,.390,.635,82,16,0,0,0,1,0,*8
171,Rookie Davis\davisro03,24,CIN,NL,2,3,2,0,1,1,0,0,0,0,0,0,1,.500,.667,1.000,1.667,345,2,0,1,0,0,0,/1
172,Wade Davis\daviswa01,31,CHC,NL,6,0,0,0,0,0,0,0,0,0,0,0,0,,,,,,0,0,0,0,0,0,/1
173,Grant Dayton*\daytogr01,29,LAD,NL,6,0,0,0,0,0,0,0,0,0,0,0,0,,,,,,0,0,0,0,0,0,/1
174,Chase De Jong*\dejonch01,23,SEA,AL,1,0,,,,,,,,,,,,,,,,,,,,,,,/1
175,Jorge De La Rosa*\rosajo01,36,ARI,NL,7,0,0,0,0,0,0,0,0,0,0,0,0,,,,,,0,0,0,0,0,0,/1
176,Jaff Decker*\deckeja01,27,OAK,AL,1,4,4,1,3,0,1,0,1,1,0,0,0,.750,.750,1.250,2.000,473,5,0,0,0,0,0,/8
177,Jacob deGrom*\degroja01,29,NYM,NL,4,8,7,0,0,0,0,0,0,0,0,0,5,.000,.000,.000,.000,-100,0,0,0,1,0,0,/1
178,Randall Delgado\delgara01,27,ARI,NL,5,0,0,0,0,0,0,0,0,0,0,0,0,,,,,,0,0,0,0,0,0,/1
179,Matt Dermody\dermoma01,26,TOR,AL,1,0,,,,,,,,,,,,,,,,,,,,,,,/1
180,Daniel Descalso*\descada01,30,ARI,NL,10,21,18,2,3,0,0,0,3,1,0,3,5,.167,.286,.167,.452,26,3,0,0,0,0,0,/4735
181,Delino DeShields\deshide02,24,TEX,AL,6,10,9,0,0,0,0,0,0,2,1,0,6,.000,.000,.000,.000,-100,0,0,0,1,0,0,/D7
182,Chris Devenski\devench02,26,HOU,AL,3,0,,,,,,,,,,,,,,,,,,,,,,,/1
183,Aledmys Diaz\diazal02,26,STL,NL,11,49,49,7,12,3,0,3,5,2,0,0,5,.245,.245,.490,.735,95,24,2,0,0,0,0,*6
184,Edwin Diaz\diazed04,23,SEA,AL,5,0,,,,,,,,,,,,,,,,,,,,,,,/1
185,Jumbo Diaz\diazju03,33,TBR,AL,7,0,,,,,,,,,,,,,,,,,,,,,,,/1
186,Miguel Diaz\diazmi02,22,SDP,NL,6,0,0,0,0,0,0,0,0,0,0,0,0,,,,,,0,0,0,0,0,0,/1
187,Yandy Diaz\diazya01,25,CLE,AL,12,49,44,8,11,1,0,0,1,0,0,5,11,.250,.327,.273,.599,65,12,2,0,0,0,0,*5
188,Corey Dickerson*\dickeco01,28,TBR,AL,13,49,45,5,15,4,0,3,6,0,0,4,11,.333,.388,.622,1.010,187,28,0,0,0,0,1,*/D7
189,R.A. Dickey\dicker.01,42,ATL,NL,2,6,6,0,2,0,0,0,2,0,0,0,1,.333,.333,.333,.667,84,2,0,0,0,0,0,/1
190,Derek Dietrich*\dietrde01,27,MIA,NL,12,39,32,2,6,1,1,0,4,0,0,4,8,.188,.333,.281,.615,75,9,1,3,0,0,0,*5
191,Wilmer Difo#\difowi01,25,WSN,NL,8,25,24,1,5,0,0,0,0,0,0,1,6,.208,.240,.208,.448,24,5,1,0,0,0,0,/6
192,Josh Donaldson\donaljo02,31,TOR,AL,9,35,29,5,9,2,0,2,4,0,0,6,12,.310,.429,.586,1.015,181,17,0,0,0,0,0,/5D
193,Sean Doolittle*\doolise01,30,OAK,AL,4,0,,,,,,,,,,,,,,,,,,,,,,,/1
194,Brian Dozier\doziebr01,30,MIN,AL,11,50,45,7,12,2,0,2,3,5,0,5,7,.267,.340,.444,.784,122,20,2,0,0,0,1,*4
195,Oliver Drake\drakeol01,30,TOT,MLB,4,0,0,0,0,0,0,0,0,0,0,0,0,,,,,,0,0,0,0,0,0,/1
196,Oliver Drake\drakeol01,30,BAL,AL,3,0,,,,,,,,,,,,,,,,,,,,,,,/1
197,Oliver Drake\drakeol01,30,MIL,NL,1,0,0,0,0,0,0,0,0,0,0,0,0,,,,,,0,0,0,0,0,0,/1
198,Stephen Drew*\drewst01,34,WSN,NL,8,20,18,3,4,1,0,0,4,0,0,1,4,.222,.250,.278,.528,44,5,2,0,0,1,0,/56
199,Brandon Drury\drurybr01,24,ARI,NL,12,45,44,5,13,2,1,0,6,0,0,1,8,.295,.311,.386,.697,85,17,1,0,0,0,0,*4
200,Lucas Duda*\dudalu01,31,NYM,NL,11,45,39,4,10,2,0,4,7,0,0,6,14,.256,.356,.615,.971,160,24,1,0,0,0,2,*3
201,Brian Duensing*\duensbr01,34,CHC,NL,2,0,0,0,0,0,0,0,0,0,0,0,0,,,,,,0,0,0,0,0,0,/1
202,Tyler Duffey\duffety01,26,MIN,AL,3,0,,,,,,,,,,,,,,,,,,,,,,,/1
203,Danny Duffy*\duffyda01,28,KCR,AL,3,0,,,,,,,,,,,,,,,,,,,,,,,/1
204,Ryan Dull\dullry01,27,OAK,AL,5,0,,,,,,,,,,,,,,,,,,,,,,,/1
205,Mike Dunn*\dunnmi01,32,COL,NL,7,0,0,0,0,0,0,0,0,0,0,0,0,,,,,,0,0,0,0,0,0,/1
206,Adam Duvall\duvalad01,28,CIN,NL,13,50,45,10,12,2,0,3,7,1,1,5,13,.267,.340,.511,.851,127,23,1,0,0,0,0,*7
207,Jarrod Dyson*\dysonja01,32,SEA,AL,12,46,40,5,8,2,0,0,2,4,0,2,3,.200,.283,.250,.533,56,10,0,3,0,1,0,*/78
208,Sam Dyson\dysonsa01,29,TEX,AL,6,0,,,,,,,,,,,,,,,,,,,,,,,/1
209,Adam Eaton*\eatonad02,28,WSN,NL,12,53,43,11,14,5,0,1,5,2,0,9,11,.326,.434,.512,.946,157,22,0,0,0,1,0,*8/7
210,Josh Edgin\edginjo01,30,NYM,NL,5,0,0,0,0,0,0,0,0,0,0,0,0,,,,,,0,0,0,0,0,0,/1
211,Carl Edwards\edwarca01,25,CHC,NL,5,1,1,0,0,0,0,0,0,0,0,0,1,.000,.000,.000,.000,-100,0,0,0,0,0,0,/1
212,Jerad Eickhoff\eickhje01,26,PHI,NL,3,6,5,0,0,0,0,0,0,0,0,0,3,.000,.000,.000,.000,-100,0,0,0,1,0,0,/1
213,A.J. Ellis\ellisaj01,36,MIA,NL,3,16,13,2,1,0,0,0,0,0,0,2,7,.077,.200,.077,.277,-18,1,0,0,1,0,0,/2
214,Jacoby Ellsbury*\ellsbja01,33,NYY,AL,12,45,42,6,13,2,0,1,3,4,1,2,7,.310,.356,.429,.784,119,18,0,1,0,0,0,*8/D
215,Edwin Encarnacion\encared01,34,CLE,AL,12,53,44,4,9,1,0,1,1,1,0,8,18,.205,.327,.295,.622,71,13,2,0,0,0,0,/3D
216,Jake Esch\eschja01,27,SDP,NL,1,0,0,0,0,0,0,0,0,0,0,0,0,,,,,,0,0,0,0,0,0,/1
217,Alcides Escobar\escobal02,30,KCR,AL,12,44,41,2,10,2,0,0,1,0,0,2,12,.244,.279,.293,.572,61,12,0,0,1,0,0,*6
218,Eduardo Escobar#\escobed01,28,MIN,AL,5,20,17,4,5,0,0,1,4,0,0,2,2,.294,.400,.471,.871,147,8,1,1,0,0,0,/54D6
219,Yunel Escobar\escobyu01,34,LAA,AL,13,57,53,10,16,3,0,1,4,0,1,4,7,.302,.351,.415,.766,121,22,1,0,0,0,0,*5
220,Danny Espinosa#\espinda01,30,LAA,AL,13,48,45,3,9,0,0,3,12,0,1,1,17,.200,.229,.400,.629,78,18,1,1,0,1,0,*4
221,Carlos Estevez\estevca01,24,COL,NL,6,0,0,0,0,0,0,0,0,0,0,0,0,,,,,,0,0,0,0,0,0,/1
222,Marco Estrada\estrama01,33,TOR,AL,3,0,,,,,,,,,,,,,,,,,,,,,,,/1
223,Danny Farquhar\farquda01,30,TBR,AL,6,0,,,,,,,,,,,,,,,,,,,,,,,/1
224,Tim Federowicz\federti01,29,SFG,NL,2,3,2,0,0,0,0,0,0,0,0,1,1,.000,.333,.000,.333,5,0,0,0,0,0,0,/2
225,Scott Feldman*\feldmsc01,34,CIN,NL,3,6,4,0,0,0,0,0,0,0,0,0,1,.000,.000,.000,.000,-100,0,0,0,2,0,0,/1
226,Michael Feliz\felizmi01,24,HOU,AL,4,0,,,,,,,,,,,,,,,,,,,,,,,/1
227,Neftali Feliz\felizne01,29,MIL,NL,6,0,0,0,0,0,0,0,0,0,0,0,0,,,,,,0,0,0,0,0,0,/1
228,Josh Fields\fieldjo03,31,LAD,NL,4,0,0,0,0,0,0,0,0,0,0,0,0,,,,,,0,0,0,0,0,0,/1
229,Casey Fien\fienca01,33,SEA,AL,5,0,,,,,,,,,,,,,,,,,,,,,,,/1
230,Mike Fiers\fiersmi01,32,HOU,AL,3,0,0,1,0,0,0,0,0,0,0,0,0,,,,,,0,0,0,0,0,0,/1
231,Brandon Finnegan*\finnebr01,24,CIN,NL,4,5,4,0,0,0,0,0,0,0,0,0,1,.000,.000,.000,.000,-100,0,1,0,1,0,0,/1
232,Ryan Flaherty*\flahery01,30,BAL,AL,4,5,4,0,0,0,0,0,0,0,0,0,2,.000,.200,.000,.200,-38,0,0,1,0,0,0,/6
233,Wilmer Flores\florewi01,25,NYM,NL,10,33,32,4,6,0,0,2,3,1,0,1,5,.188,.212,.375,.587,57,12,1,0,0,0,0,/354
234,Tyler Flowers\flowety01,31,ATL,NL,10,29,27,2,11,1,0,0,4,0,0,2,5,.407,.448,.444,.893,147,12,0,0,0,0,0,/2
235,Mike Foltynewicz\foltymi01,25,ATL,NL,2,1,1,0,0,0,0,0,0,0,0,0,1,.000,.000,.000,.000,-100,0,0,0,0,0,0,/1
236,Logan Forsythe\forsylo01,30,LAD,NL,12,49,42,7,13,2,0,0,2,0,0,5,14,.310,.408,.357,.765,116,15,0,2,0,0,0,*/45
237,Dexter Fowler#\fowlede01,31,STL,NL,12,54,49,7,7,1,0,0,0,1,0,4,16,.143,.222,.163,.385,9,8,1,1,0,0,0,*8
238,Maikel Franco\francma02,24,PHI,NL,12,51,46,4,8,1,0,2,9,0,0,4,7,.174,.235,.326,.561,52,15,2,0,0,1,0,*5
239,Nick Franklin#\frankni01,26,MIL,NL,6,11,11,2,2,0,1,1,4,0,0,0,3,.182,.182,.636,.818,109,7,0,0,0,0,0,/47
240,Adam Frazier*\fraziad01,25,PIT,NL,11,39,35,4,12,2,1,1,4,0,2,3,6,.343,.410,.543,.953,158,19,1,1,0,0,0,/475D6
241,Todd Frazier\frazito01,31,CHW,AL,8,31,27,4,3,1,0,1,1,1,0,4,5,.111,.226,.259,.485,40,7,0,0,0,0,0,/5D
242,Kyle Freeland*\freelky01,24,COL,NL,2,3,3,0,1,0,0,0,0,0,0,0,1,.333,.333,.333,.667,73,1,0,0,0,0,0,/1
243,Freddie Freeman*\freemfr01,27,ATL,NL,11,48,41,9,14,2,1,3,3,1,1,7,12,.341,.438,.659,1.096,195,27,1,0,0,0,2,*3
244,Mike Freeman*\freemmi01,29,SEA,AL,3,6,4,3,2,0,0,1,1,0,0,2,0,.500,.667,1.250,1.917,438,5,0,0,0,0,1,/3
245,David Freese\freesda01,34,PIT,NL,11,41,32,4,11,2,0,2,5,0,0,9,4,.344,.488,.594,1.082,194,19,0,0,0,0,0,*/53D
246,Eric Fryer\fryerer01,31,STL,NL,5,9,8,2,2,2,0,0,0,0,0,1,3,.250,.333,.500,.833,126,4,0,0,0,0,0,/2
247,Michael Fulmer\fulmemi01,24,DET,AL,2,0,,,,,,,,,,,,,,,,,,,,,,,/1
248,Yovani Gallardo\gallayo01,31,SEA,AL,2,0,,,,,,,,,,,,,,,,,,,,,,,/1
249,Joey Gallo*\gallojo01,23,TEX,AL,12,45,39,6,8,2,1,2,9,2,0,6,17,.205,.311,.462,.773,109,18,1,0,0,0,0,*5
250,Freddy Galvis#\galvifr01,27,PHI,NL,12,45,42,5,8,2,0,2,7,1,0,1,11,.190,.222,.381,.603,61,16,1,1,0,1,0,*6
251,Adonis Garcia\garciad01,32,ATL,NL,11,45,42,3,7,1,0,1,3,0,0,3,6,.167,.222,.262,.484,33,11,3,0,0,0,0,*5
252,Avisail Garcia\garciav01,26,CHW,AL,11,47,43,7,20,1,1,2,10,0,2,3,10,.465,.511,.674,1.185,241,29,0,1,0,0,0,*9
253,Greg Garcia*\garcigr01,27,STL,NL,10,17,12,0,4,0,0,0,1,1,0,4,4,.333,.529,.333,.863,147,4,0,1,0,0,0,/546
254,Jaime Garcia*\garcija02,30,ATL,NL,2,4,2,0,0,0,0,0,0,0,0,0,0,.000,.000,.000,.000,-100,0,0,0,2,0,0,/1
255,Jarlin Garcia*\garcija04,24,MIA,NL,2,0,0,0,0,0,0,0,0,0,0,0,0,,,,,,0,0,0,0,0,0,/1
256,Leury Garcia#\garcile02,26,CHW,AL,9,24,22,2,5,4,0,0,0,1,2,1,1,.227,.292,.409,.701,101,9,0,1,0,0,0,/876
257,Luis Garcia\garcilu03,30,PHI,NL,1,0,0,0,0,0,0,0,0,0,0,0,0,,,,,,0,0,0,0,0,0,/1
258,Willy Garcia\garciwi01,24,CHW,AL,2,7,7,0,2,1,0,0,0,0,0,0,3,.286,.286,.429,.714,104,3,1,0,0,0,0,/7
259,Brett Gardner*\gardnbr01,33,NYY,AL,11,49,41,8,9,2,0,0,0,5,0,8,12,.220,.347,.268,.615,76,11,0,0,0,0,0,*7
260,Dustin Garneau\garnedu01,29,COL,NL,8,24,22,2,4,2,0,1,2,0,0,2,11,.182,.250,.409,.659,65,9,0,0,0,0,0,*/2
261,Amir Garrett\garream01,25,CIN,NL,2,5,5,1,0,0,0,0,0,0,0,0,3,.000,.000,.000,.000,-100,0,1,0,0,0,0,/1
262,Evan Gattis\gattiev01,30,HOU,AL,7,26,21,3,6,2,0,0,4,0,0,5,3,.286,.423,.381,.804,137,8,0,0,0,0,0,/2D
263,Kevin Gausman*\gausmke01,26,BAL,AL,3,0,,,,,,,,,,,,,,,,,,,,,,,/1
264,Cory Gearrin\gearrco01,31,SFG,NL,5,0,0,0,0,0,0,0,0,0,0,0,0,,,,,,0,0,0,0,0,0,/1
265,Scooter Gennett*\gennesc01,27,CIN,NL,10,27,26,5,8,2,0,3,10,0,0,1,3,.308,.333,.731,1.064,178,19,0,0,0,0,0,/4579
266,Craig Gentry\gentrcr01,33,BAL,AL,11,18,17,2,2,0,0,1,3,1,0,0,7,.118,.111,.294,.405,8,5,0,0,0,1,0,*/978
267,Kyle Gibson\gibsoky01,29,MIN,AL,2,0,,,,,,,,,,,,,,,,,,,,,,,/1
268,Ken Giles\gileske01,26,HOU,AL,5,0,,,,,,,,,,,,,,,,,,,,,,,/1
269,Conor Gillaspie*\gillaco01,29,SFG,NL,10,17,14,1,3,0,0,0,2,0,0,1,2,.214,.294,.214,.508,44,3,0,1,0,1,0,/53
270,Chris Gimenez\gimench01,34,MIN,AL,5,17,13,0,4,2,0,0,2,0,0,4,5,.308,.471,.462,.932,167,6,0,0,0,0,0,/235
271,Mychal Givens\givenmy01,27,BAL,AL,4,0,,,,,,,,,,,,,,,,,,,,,,,/1
272,Tyler Glasnow*\glasnty01,23,PIT,NL,2,2,1,0,0,0,0,0,0,0,0,1,1,.000,.500,.000,.500,56,0,0,0,0,0,0,/1
273,Koda Glover\gloveko01,24,WSN,NL,7,0,0,0,0,0,0,0,0,0,0,0,0,,,,,,0,0,0,0,0,0,/1
274,David Goforth\goforda01,28,MIL,NL,1,0,0,0,0,0,0,0,0,0,0,0,0,,,,,,0,0,0,0,0,0,/1
275,Ryan Goins*\goinsry01,29,TOR,AL,8,12,11,1,3,1,0,0,0,0,0,1,2,.273,.333,.364,.697,96,4,0,0,0,0,0,/54D6
276,Paul Goldschmidt\goldspa01,29,ARI,NL,13,56,47,9,13,3,0,2,6,3,0,8,11,.277,.393,.468,.861,129,22,1,1,0,0,0,*3
277,Yan Gomes\gomesya01,29,CLE,AL,9,33,30,3,2,0,0,1,1,0,0,3,10,.067,.152,.167,.318,-14,5,2,0,0,0,0,*/2
278,Carlos Gomez\gomezca01,31,TEX,AL,12,55,47,6,7,2,0,3,4,0,1,6,15,.149,.273,.383,.656,78,18,0,2,0,0,0,*8
279,Jeanmar Gomez\gomezje01,29,PHI,NL,5,0,0,0,0,0,0,0,0,0,0,0,0,,,,,,0,0,0,0,0,0,/1
280,Adrian Gonzalez*\gonzaad01,35,LAD,NL,13,50,42,5,10,2,0,0,4,0,0,7,6,.238,.347,.286,.633,80,12,0,0,0,0,1,*3
281,Carlos Gonzalez*\gonzaca01,31,COL,NL,13,55,52,3,10,4,0,1,2,0,0,2,11,.192,.218,.327,.545,37,17,1,0,0,1,0,*9
282,Gio Gonzalez\gonzagi01,31,WSN,NL,3,8,7,1,0,0,0,0,0,0,0,1,3,.000,.125,.000,.125,-61,0,0,0,0,0,0,/1
283,Marwin Gonzalez#\gonzama01,28,HOU,AL,10,34,28,4,6,0,0,3,6,1,0,4,8,.214,.333,.536,.869,148,15,2,1,1,0,0,/375
284,Miguel Gonzalez\gonzami03,33,CHW,AL,2,0,,,,,,,,,,,,,,,,,,,,,,,/1
285,Nick Goody\goodyni01,25,CLE,AL,1,0,,,,,,,,,,,,,,,,,,,,,,,/1
286,Alex Gordon*\gordoal01,33,KCR,AL,12,52,48,4,9,2,0,0,4,0,1,3,11,.188,.250,.229,.479,36,11,0,1,0,0,0,*7/9
287,Dee Gordon*\gordode01,29,MIA,NL,12,55,54,8,18,2,0,0,4,3,1,0,8,.333,.345,.370,.716,101,20,1,1,0,0,0,*4
288,Terrance Gore\gorete01,26,KCR,AL,1,0,0,0,0,0,0,0,0,0,0,0,0,,,,,,0,0,0,0,0,0,
289,Philip Gosselin\gosseph01,28,PIT,NL,8,12,12,0,1,0,0,0,0,0,0,0,2,.083,.083,.083,.167,-54,1,0,0,0,0,0,/43
290,Yasmani Grandal#\grandya01,28,LAD,NL,11,41,33,3,8,1,0,2,3,0,0,7,10,.242,.375,.455,.830,130,15,2,0,1,0,0,*2
291,Curtis Granderson*\grandcu01,36,NYM,NL,12,51,46,4,8,2,1,0,4,0,0,4,14,.174,.235,.261,.496,37,12,0,0,0,1,0,*8/9
292,Kendall Graveman\graveke01,26,OAK,AL,3,0,,,,,,,,,,,,,,,,,,,,,,,/1
293,Jon Gray\grayjo02,25,COL,NL,3,5,5,0,0,0,0,0,0,0,0,0,2,.000,.000,.000,.000,-100,0,0,0,0,0,0,/1
294,Shane Greene\greensh02,28,DET,AL,5,0,,,,,,,,,,,,,,,,,,,,,,,/1
295,Luke Gregerson*\gregelu01,33,HOU,AL,7,0,0,0,0,0,0,0,0,0,0,0,0,,,,,,0,0,0,0,0,0,/1
296,Zack Greinke\greinza01,33,ARI,NL,3,5,5,0,0,0,0,0,0,0,0,0,2,.000,.000,.000,.000,-100,0,0,0,0,0,0,/1
297,Randal Grichuk\grichra01,25,STL,NL,12,46,44,2,8,2,0,2,7,0,0,2,16,.182,.217,.364,.581,56,16,1,0,0,0,0,*7/98
298,A.J. Griffin\griffaj01,29,TEX,AL,2,0,,,,,,,,,,,,,,,,,,,,,,,/1
299,Jason Grilli\grillja01,40,TOR,AL,5,0,,,,,,,,,,,,,,,,,,,,,,,/1
300,Justin Grimm\grimmju01,28,CHC,NL,6,0,0,0,0,0,0,0,0,0,0,0,0,,,,,,0,0,0,0,0,0,/1
301,Robbie Grossman#\grossro01,27,MIN,AL,10,39,29,8,9,3,0,1,4,0,0,10,6,.310,.487,.517,1.004,187,15,0,0,0,0,0,*/D9
302,Robert Gsellman\gsellro01,23,NYM,NL,3,3,2,0,0,0,0,0,0,0,0,0,0,.000,.000,.000,.000,-100,0,0,0,1,0,0,/1
303,Deolis Guerra\guerrde01,28,LAA,AL,1,0,,,,,,,,,,,,,,,,,,,,,,,/1
304,Junior Guerra\guerrju02,32,MIL,NL,1,1,0,0,0,0,0,0,0,0,0,0,0,,,,,,0,0,0,1,0,0,/1
305,Yulieski Gurriel\gourryu01,33,HOU,AL,10,35,35,2,8,1,0,0,1,0,1,0,5,.229,.229,.257,.486,41,9,1,0,0,0,0,*3
306,Jandel Gustave\gustaja01,24,HOU,AL,5,0,,,,,,,,,,,,,,,,,,,,,,,/1
307,Jeremy Guthrie\guthrje01,38,WSN,NL,1,0,0,0,0,0,0,0,0,0,0,0,0,,,,,,0,0,0,0,0,0,/1
308,Franklin Gutierrez\gutiefr01,34,LAD,NL,6,14,13,2,3,2,0,0,0,0,1,1,4,.231,.286,.385,.670,84,5,1,0,0,0,0,/7
309,Brandon Guyer\guyerbr01,31,CLE,AL,7,21,19,2,3,0,0,0,0,0,0,0,3,.158,.238,.158,.396,11,3,0,2,0,0,0,/79
310,Jedd Gyorko\gyorkje01,28,STL,NL,9,31,28,4,7,1,0,2,4,1,0,3,7,.250,.323,.500,.823,122,14,0,0,0,0,0,/543
311,Jesse Hahn\hahnje01,27,OAK,AL,2,0,,,,,,,,,,,,,,,,,,,,,,,/1
312,Justin Haley\haleyju01,26,MIN,AL,3,0,,,,,,,,,,,,,,,,,,,,,,,/1
313,Cole Hamels*\hamelco01,33,TEX,AL,3,0,,,,,,,,,,,,,,,,,,,,,,,/1
314,Billy Hamilton#\hamilbi02,26,CIN,NL,12,55,51,6,12,1,1,0,3,5,1,2,7,.235,.259,.294,.553,51,15,0,0,1,1,0,*8
315,Jason Hammel\hammeja01,34,KCR,AL,2,0,,,,,,,,,,,,,,,,,,,,,,,/1
316,Brad Hand*\handbr01,27,SDP,NL,5,0,0,0,0,0,0,0,0,0,0,0,0,,,,,,0,0,0,0,0,0,/1
317,Mitch Haniger\hanigmi01,26,SEA,AL,13,61,51,12,15,3,0,4,11,2,0,9,16,.294,.410,.588,.998,184,30,0,1,0,0,0,*9
318,Alen Hanson#\hansoal01,24,PIT,NL,6,7,7,3,2,0,0,0,0,1,0,0,2,.286,.286,.286,.571,57,2,0,0,0,0,0,/4
319,J.A. Happ*\happja01,34,TOR,AL,3,0,,,,,,,,,,,,,,,,,,,,,,,/1
320,Blaine Hardy*\hardybl01,30,DET,AL,1,0,,,,,,,,,,,,,,,,,,,,,,,/1
321,J.J. Hardy\hardyjj01,34,BAL,AL,10,37,35,3,9,2,0,1,5,0,0,1,8,.257,.278,.400,.678,86,14,1,0,1,0,0,*6
322,Bryce Harper*\harpebr03,24,WSN,NL,12,55,45,12,15,2,0,4,13,0,1,10,9,.333,.455,.644,1.099,195,29,0,0,0,0,2,*9
323,Will Harris\harriwi10,32,HOU,AL,5,0,,,,,,,,,,,,,,,,,,,,,,,/1
324,Josh Harrison\harrijo05,29,PIT,NL,11,42,37,4,10,1,0,1,3,2,1,1,6,.270,.357,.378,.736,102,14,0,4,0,0,0,/457
325,Donnie Hart*\hartdo01,26,BAL,AL,4,0,,,,,,,,,,,,,,,,,,,,,,,/1
326,Matt Harvey\harvema01,28,NYM,NL,3,8,8,0,0,0,0,0,0,0,0,0,3,.000,.000,.000,.000,-100,0,0,0,0,0,0,/1
327,Chris Hatcher#\hatchch02,32,LAD,NL,4,0,0,0,0,0,0,0,0,0,0,0,0,,,,,,0,0,0,0,0,0,/1
328,Mike Hauschild\hauscmi01,27,TEX,AL,3,0,,,,,,,,,,,,,,,,,,,,,,,/1
329,Jeremy Hazelbaker*\hazelje01,29,ARI,NL,10,14,12,3,6,1,0,0,2,0,0,2,3,.500,.571,.583,1.155,210,7,0,0,0,0,1,/87
330,Chase Headley#\headlch01,33,NYY,AL,12,49,39,11,16,2,0,2,3,3,0,10,9,.410,.531,.615,1.146,220,24,0,0,0,0,0,*5/3
331,Ryon Healy\healyry01,25,OAK,AL,12,49,47,4,8,2,0,2,3,0,0,2,15,.170,.204,.340,.545,56,16,1,0,0,0,0,/D35
332,Adeiny Hechavarria\hechaad01,28,MIA,NL,5,21,20,2,4,0,0,0,1,0,0,1,3,.200,.238,.200,.438,25,4,1,0,0,0,0,/6
333,Austin Hedges\hedgeau01,24,SDP,NL,11,39,35,2,4,1,0,1,2,0,0,2,13,.114,.184,.229,.413,12,8,1,1,1,0,0,*2
334,Chris Heisey\heisech01,32,WSN,NL,6,8,6,3,1,0,0,1,1,0,0,2,1,.167,.375,.667,1.042,175,4,0,0,0,0,0,/7
335,Jeremy Hellickson\hellije01,30,PHI,NL,3,7,7,0,1,0,1,0,1,0,0,0,2,.143,.143,.429,.571,48,3,0,0,0,0,0,/1
336,Heath Hembree\hembrhe01,28,BOS,AL,6,0,,,,,,,,,,,,,,,,,,,,,,,/1
337,Kyle Hendricks\hendrky01,27,CHC,NL,2,5,5,1,2,0,0,0,1,0,0,0,1,.400,.400,.400,.800,123,2,0,0,0,0,0,/1
338,Liam Hendriks\hendrli01,28,OAK,AL,4,0,,,,,,,,,,,,,,,,,,,,,,,/1
339,Guillermo Heredia\heredgu01,26,SEA,AL,4,11,11,4,4,0,0,1,1,0,0,0,0,.364,.364,.636,1.000,182,7,0,0,0,0,0,/7
340,Cesar Hernandez#\hernace02,27,PHI,NL,12,56,52,13,18,3,1,3,8,1,1,4,12,.346,.393,.615,1.008,171,32,0,0,0,0,0,*4
341,Enrique Hernandez\hernaen02,25,LAD,NL,9,15,13,3,3,3,0,0,2,1,0,2,0,.231,.333,.462,.795,118,6,0,0,0,0,0,/8764
342,Felix Hernandez\hernafe02,31,SEA,AL,3,0,,,,,,,,,,,,,,,,,,,,,,,/1
343,Gorkys Hernandez\hernago01,29,SFG,NL,10,29,27,1,2,1,0,0,4,0,0,2,8,.074,.138,.111,.249,-30,3,1,0,0,0,0,*/87
344,Marco Hernandez*\hernama02,24,BOS,AL,7,20,20,3,6,1,0,0,2,0,0,0,4,.300,.300,.350,.650,77,7,0,0,0,0,0,/645
345,Kelvin Herrera\herreke01,27,KCR,AL,5,0,,,,,,,,,,,,,,,,,,,,,,,/1
346,Odubel Herrera*\herreod01,25,PHI,NL,12,47,40,5,11,3,0,0,3,1,1,7,10,.275,.383,.350,.733,104,14,2,0,0,0,0,*8
347,Chris Herrmann*\herrmch01,29,ARI,NL,9,16,15,3,3,0,0,0,2,0,0,1,1,.200,.250,.200,.450,23,3,0,0,0,0,0,/72
348,Jason Heyward*\heywaja01,27,CHC,NL,11,46,42,3,12,0,1,0,5,1,1,3,6,.286,.348,.333,.681,91,14,1,1,0,0,0,*/98
349,Aaron Hicks#\hicksaa01,27,NYY,AL,8,31,22,5,7,1,0,3,8,0,2,8,3,.318,.484,.773,1.257,245,17,1,0,0,1,0,/789
350,Kyle Higashioka\higasky01,27,NYY,AL,3,8,8,1,0,0,0,0,0,0,0,0,2,.000,.000,.000,.000,-100,0,0,0,0,0,0,/2
351,Aaron Hill\hillaa01,35,SFG,NL,9,23,20,2,3,0,0,1,2,0,0,3,6,.150,.261,.300,.561,54,6,0,0,0,0,0,/745
352,Rich Hill*\hillri01,37,LAD,NL,2,3,2,0,0,0,0,0,0,0,0,0,2,.000,.333,.000,.333,5,0,0,1,0,0,0,/1
353,Jonathan Holder\holdejo02,24,NYY,AL,5,0,,,,,,,,,,,,,,,,,,,,,,,/1
354,Derek Holland#\hollade01,30,CHW,AL,2,0,,,,,,,,,,,,,,,,,,,,,,,/1
355,Greg Holland\hollagr01,31,COL,NL,7,0,0,0,0,0,0,0,0,0,0,0,0,,,,,,0,0,0,0,0,0,/1
356,Matt Holliday\hollima01,37,NYY,AL,10,43,33,2,8,2,0,1,5,0,0,10,8,.242,.419,.394,.813,130,13,0,0,0,0,0,*D
357,Brock Holt*\holtbr01,29,BOS,AL,5,15,11,1,1,0,0,0,1,0,0,4,5,.091,.333,.091,.424,24,1,1,0,0,0,0,/D75
358,J.J. Hoover\hoovejj01,29,ARI,NL,6,0,0,0,0,0,0,0,0,0,0,0,0,,,,,,0,0,0,0,0,0,/1
359,Eric Hosmer*\hosmeer01,27,KCR,AL,12,49,46,1,9,0,0,1,5,0,0,3,9,.196,.245,.261,.506,42,12,5,0,0,0,0,*3
360,J.P. Howell*\howeljp01,34,TOR,AL,2,0,,,,,,,,,,,,,,,,,,,,,,,/1
361,Daniel Hudson\hudsoda01,30,PIT,NL,7,0,0,0,0,0,0,0,0,0,0,0,0,,,,,,0,0,0,0,0,0,/1
362,Jared Hughes\hugheja02,31,MIL,NL,6,0,0,0,0,0,0,0,0,0,0,0,0,,,,,,0,0,0,0,0,0,/1
363,Phil Hughes\hugheph01,31,MIN,AL,2,0,,,,,,,,,,,,,,,,,,,,,,,/1
364,Nick Hundley\hundlni01,33,SFG,NL,8,28,27,4,7,4,0,0,3,0,0,0,7,.259,.250,.407,.657,77,11,0,0,0,1,0,*/2
365,Tommy Hunter\hunteto02,30,TBR,AL,6,0,0,0,0,0,0,0,0,0,0,0,0,,,,,,0,0,0,0,0,0,/1
366,Chris Iannetta\iannech01,34,ARI,NL,7,19,16,3,4,0,0,1,2,0,0,3,6,.250,.368,.438,.806,114,7,0,0,0,0,0,/2
367,Jose Iglesias\iglesjo01,27,DET,AL,11,41,39,5,10,5,0,1,5,1,0,1,4,.256,.275,.462,.737,107,18,1,0,1,0,0,*6
368,Raisel Iglesias\iglesra01,27,CIN,NL,5,1,1,0,1,1,0,0,0,0,0,0,0,1.000,1.000,2.000,3.000,687,2,0,0,0,0,0,/1
369,Ender Inciarte*\inciaen01,26,ATL,NL,11,50,48,8,12,1,0,4,7,1,0,2,9,.250,.280,.521,.801,113,25,1,0,0,0,0,*8
370,Hisashi Iwakuma\iwakuhi01,36,SEA,AL,3,0,,,,,,,,,,,,,,,,,,,,,,,/1
371,Austin Jackson\jacksau01,30,CLE,AL,7,22,18,1,4,2,0,0,1,0,0,4,5,.222,.364,.333,.697,91,6,0,0,0,0,0,/87
372,Travis Jankowski*\jankotr01,26,SDP,NL,11,41,33,6,4,0,0,0,0,2,0,7,13,.121,.275,.121,.396,15,4,1,0,1,0,0,*7
373,Kenley Jansen#\janseke01,29,LAD,NL,5,0,0,0,0,0,0,0,0,0,0,0,0,,,,,,0,0,0,0,0,0,/1
374,John Jaso*\jasojo01,33,PIT,NL,11,18,16,3,0,0,0,0,0,0,0,2,4,.000,.111,.000,.111,-65,0,1,0,0,0,0,*/39
375,Jon Jay*\jayjo02,32,CHC,NL,8,17,15,3,5,0,0,0,1,1,0,1,5,.333,.412,.333,.745,111,5,0,1,0,0,0,/8
376,Jeremy Jeffress\jeffrje01,29,TEX,AL,8,0,,,,,,,,,,,,,,,,,,,,,,,*/1
377,Dan Jennings*\jennida01,30,CHW,AL,6,0,,,,,,,,,,,,,,,,,,,,,,,/1
378,Joe Jimenez\jimenjo02,22,DET,AL,1,0,,,,,,,,,,,,,,,,,,,,,,,/1
379,Ubaldo Jimenez\jimenub01,33,BAL,AL,2,0,,,,,,,,,,,,,,,,,,,,,,,/1
380,Jim Johnson\johnsji04,34,ATL,NL,5,0,0,0,0,0,0,0,0,0,0,0,0,,,,,,0,0,0,0,0,0,/1
381,Adam Jones\jonesad01,31,BAL,AL,11,49,44,7,12,3,0,2,4,0,0,4,9,.273,.347,.477,.824,126,21,0,1,0,0,0,*8
382,JaCoby Jones\jonesja07,25,DET,AL,11,30,26,4,6,1,1,1,4,1,1,4,10,.231,.333,.462,.795,126,12,1,0,0,0,0,*/8D
383,Nate Jones\jonesna01,31,CHW,AL,6,0,,,,,,,,,,,,,,,,,,,,,,,/1
384,Caleb Joseph\josepca01,31,BAL,AL,3,8,8,0,0,0,0,0,0,0,0,0,2,.000,.000,.000,.000,-100,0,0,0,0,0,0,/2
385,Tommy Joseph\josepto01,25,PHI,NL,11,39,36,4,6,1,0,1,5,1,0,2,10,.167,.205,.278,.483,31,10,1,0,0,1,0,*3
386,Matthew Joyce*\joycema01,32,OAK,AL,10,36,32,2,6,1,0,1,5,0,0,3,6,.188,.250,.313,.563,64,10,0,0,0,1,0,*/9
387,Aaron Judge\judgeaa01,25,NYY,AL,11,41,36,8,9,1,1,3,8,0,0,5,11,.250,.341,.583,.925,153,21,3,0,0,0,1,*9/D
388,Taylor Jungmann\jungmta01,27,MIL,NL,1,0,0,0,0,0,0,0,0,0,0,0,0,,,,,,0,0,0,0,0,0,/1
389,Jake Junis\junisja01,24,KCR,AL,1,0,,,,,,,,,,,,,,,,,,,,,,,/1
390,Tommy Kahnle\kahnlto01,27,CHW,AL,5,0,,,,,,,,,,,,,,,,,,,,,,,/1
391,Nate Karns\karnsna01,29,KCR,AL,3,0,,,,,,,,,,,,,,,,,,,,,,,/1
392,Shawn Kelley\kellesh01,33,WSN,NL,6,0,0,0,0,0,0,0,0,0,0,0,0,,,,,,0,0,0,0,0,0,/1
393,Joe Kelly\kellyjo05,29,BOS,AL,5,0,,,,,,,,,,,,,,,,,,,,,,,/1
394,Ty Kelly#\kellyty01,28,NYM,NL,1,1,1,0,0,0,0,0,0,0,0,0,1,.000,.000,.000,.000,-100,0,0,0,0,0,0,
395,Matt Kemp\kempma01,32,ATL,NL,4,17,16,2,8,4,0,2,4,0,0,1,3,.500,.529,1.125,1.654,336,18,0,0,0,0,0,/7
396,Howie Kendrick\kendrho01,33,PHI,NL,10,43,39,5,13,4,1,0,5,1,1,4,9,.333,.395,.487,.883,141,19,1,0,0,0,0,*7
397,Ian Kennedy\kenneia01,32,KCR,AL,3,0,,,,,,,,,,,,,,,,,,,,,,,/1
398,Max Kepler*\keplema01,24,MIN,AL,12,48,43,6,13,4,1,1,6,0,0,4,11,.302,.375,.512,.887,150,22,0,1,0,0,0,*9/D
399,Clayton Kershaw*\kershcl01,29,LAD,NL,3,9,7,2,2,0,0,0,0,0,0,1,0,.286,.375,.286,.661,88,2,1,0,1,0,0,/1
400,Dallas Keuchel*\keuchda01,29,HOU,AL,3,0,,,,,,,,,,,,,,,,,,,,,,,/1
401,Kevin Kiermaier*\kiermke01,27,TBR,AL,13,56,48,6,11,1,1,0,0,3,1,7,14,.229,.339,.292,.631,86,14,1,1,0,0,1,*8
402,Hyun Soo Kim*\kimhy01,29,BAL,AL,6,17,17,1,5,1,0,0,1,0,0,0,1,.294,.294,.353,.647,79,6,0,0,0,0,0,/7
403,Craig Kimbrel\kimbrcr01,29,BOS,AL,6,0,,,,,,,,,,,,,,,,,,,,,,,/1
404,Ian Kinsler\kinslia01,35,DET,AL,11,47,36,7,8,1,0,2,5,0,0,10,10,.222,.404,.417,.821,137,15,0,1,0,0,0,*4
405,Brandon Kintzler\kintzbr01,32,MIN,AL,6,0,,,,,,,,,,,,,,,,,,,,,,,/1
406,Patrick Kivlehan\kivlepa01,27,CIN,NL,8,13,12,0,4,0,0,0,0,0,0,0,5,.333,.385,.333,.718,99,4,0,1,0,0,0,/935
407,Corey Kluber\klubeco01,31,CLE,AL,3,2,2,0,1,0,0,0,0,0,0,0,0,.500,.500,.500,1.000,173,1,0,0,0,0,0,/1
408,Andrew Knapp#\knappan01,25,PHI,NL,5,13,10,1,2,1,0,0,0,0,0,3,3,.200,.385,.300,.685,92,3,0,0,0,0,0,/2
409,Corey Knebel\knebeco01,25,MIL,NL,7,0,0,0,0,0,0,0,0,0,0,0,0,,,,,,0,0,0,0,0,0,/1
410,Tom Koehler\koehlto01,31,MIA,NL,2,4,4,0,1,0,0,0,0,0,0,0,2,.250,.250,.250,.500,41,1,0,0,0,0,0,/1
411,George Kontos\kontoge01,32,SFG,NL,5,0,0,0,0,0,0,0,0,0,0,0,0,,,,,,0,0,0,0,0,0,/1
412,Pete Kozma\kozmape01,29,NYY,AL,5,3,2,1,0,0,0,0,0,0,0,1,1,.000,.333,.000,.333,4,0,0,0,0,0,0,/6
413,Ian Krol*\krolia01,26,ATL,NL,5,0,0,0,0,0,0,0,0,0,0,0,0,,,,,,0,0,0,0,0,0,/1
414,Chad Kuhl\kuhlch01,24,PIT,NL,3,3,2,0,0,0,0,0,0,0,0,1,0,.000,.333,.000,.333,4,0,0,0,0,0,0,/1
415,Tommy La Stella*\lasteto01,28,CHC,NL,6,6,4,0,1,1,0,0,1,0,0,2,0,.250,.500,.500,1.000,179,2,0,0,0,0,0,
416,John Lackey\lackejo01,38,CHC,NL,2,4,3,0,2,0,0,0,0,0,0,0,1,.667,.667,.667,1.333,272,2,0,0,1,0,0,/1
417,Juan Lagares\lagarju01,28,NYM,NL,3,5,4,1,0,0,0,0,0,0,0,1,0,.000,.200,.000,.200,-37,0,0,0,0,0,0,/8
418,Jake Lamb*\lambja01,26,ARI,NL,12,51,44,10,14,3,1,2,11,1,1,7,15,.318,.412,.568,.980,158,25,1,0,0,0,0,*5
419,Derek Law\lawde01,26,SFG,NL,6,0,0,0,0,0,0,0,0,0,0,0,0,,,,,,0,0,0,0,0,0,/1
420,Casey Lawrence\lawreca01,29,TOR,AL,2,0,,,,,,,,,,,,,,,,,,,,,,,/1
421,Tommy Layne*\layneto01,32,NYY,AL,5,0,,,,,,,,,,,,,,,,,,,,,,,/1
422,Mike Leake\leakemi01,29,STL,NL,2,5,5,0,1,0,0,0,0,0,0,0,3,.200,.200,.200,.400,11,1,0,0,0,0,0,/1
423,Wade LeBlanc*\leblawa01,32,PIT,NL,4,3,3,0,0,0,0,0,0,0,0,0,2,.000,.000,.000,.000,-100,0,0,0,0,0,0,/1
424,Jose Leclerc\leclejo01,23,TEX,AL,5,0,,,,,,,,,,,,,,,,,,,,,,,/1
425,Zach Lee\leeza01,25,SDP,NL,2,3,3,0,0,0,0,0,0,0,0,0,0,.000,.000,.000,.000,-100,0,0,0,0,0,0,/1
426,DJ LeMahieu\lemahdj01,28,COL,NL,14,56,50,6,14,1,1,1,3,1,0,6,5,.280,.357,.400,.757,95,20,2,0,0,0,0,*4
427,Sandy Leon#\leonsa01,28,BOS,AL,8,30,30,3,8,2,0,1,6,0,0,0,6,.267,.267,.433,.700,88,13,1,0,0,0,0,*/2
428,Dominic Leone\leonedo01,25,TOR,AL,4,0,,,,,,,,,,,,,,,,,,,,,,,/1
429,Jon Lester*\lestejo01,33,CHC,NL,3,6,6,0,0,0,0,0,1,0,0,0,3,.000,.000,.000,.000,-100,0,0,0,0,0,0,/1
430,Adam Lind*\lindad01,33,WSN,NL,9,15,13,3,5,2,0,1,4,0,0,2,1,.385,.467,.769,1.236,228,10,0,0,0,0,2,/3
431,Francisco Lindor#\lindofr01,23,CLE,AL,12,56,47,11,17,4,0,4,8,1,1,7,8,.362,.436,.702,1.138,203,33,1,0,1,1,1,*6
432,Francisco Liriano*\liriafr01,33,TOR,AL,2,0,,,,,,,,,,,,,,,,,,,,,,,/1
433,Jose Lobaton#\lobatjo01,32,WSN,NL,2,6,5,1,0,0,0,0,0,0,0,1,1,.000,.167,.000,.167,-48,0,0,0,0,0,0,/2
434,Boone Logan\loganbo02,32,CLE,AL,6,0,0,0,0,0,0,0,0,0,0,0,0,,,,,,0,0,0,0,0,0,/1
435,Evan Longoria\longoev01,31,TBR,AL,13,56,48,8,10,2,0,2,6,0,0,7,20,.208,.304,.375,.679,96,18,2,0,0,1,0,*5/D
436,Michael Lorenzen\lorenmi01,25,CIN,NL,8,3,3,1,1,0,0,1,1,0,0,0,0,.333,.333,1.333,1.667,322,4,0,0,0,0,0,/1
437,Aaron Loup*\loupaa01,29,TOR,AL,5,0,,,,,,,,,,,,,,,,,,,,,,,/1
438,Jed Lowrie#\lowrije01,33,OAK,AL,12,50,43,5,12,3,0,1,4,0,0,6,8,.279,.360,.419,.779,127,18,1,0,0,1,0,*/4D
439,Jonathan Lucroy\lucrojo01,31,TEX,AL,9,37,35,5,8,0,0,1,4,0,0,1,3,.229,.270,.314,.585,60,11,1,1,0,0,0,*/2
440,Jordan Lyles\lylesjo01,26,COL,NL,3,0,0,0,0,0,0,0,0,0,0,0,0,,,,,,0,0,0,0,0,0,/1
441,Lance Lynn\lynnla01,30,STL,NL,2,4,3,0,0,0,0,0,0,0,0,0,1,.000,.000,.000,.000,-100,0,0,0,1,0,0,/1
442,Dixon Machado\machadi01,25,DET,AL,4,6,6,0,0,0,0,0,0,0,0,0,1,.000,.000,.000,.000,-100,0,0,0,0,0,0,/46
443,Manny Machado\machama01,24,BAL,AL,11,47,40,4,7,2,0,2,7,1,0,7,9,.175,.298,.375,.673,86,15,3,0,0,0,0,*5
444,Ryan Madson*\madsory01,36,OAK,AL,5,0,,,,,,,,,,,,,,,,,,,,,,,/1
445,Kenta Maeda\maedake01,29,LAD,NL,3,4,3,0,0,0,0,0,0,0,0,0,0,.000,.000,.000,.000,-100,0,0,0,1,0,0,/1
446,Mikie Mahtook\mahtomi01,27,DET,AL,8,17,15,1,2,1,0,0,1,0,0,1,4,.133,.235,.200,.435,27,3,1,1,0,0,0,*/97
447,Martin Maldonado\maldoma01,30,LAA,AL,10,32,28,1,6,1,0,0,2,0,0,2,8,.214,.313,.250,.563,66,7,1,2,0,0,0,*2
448,Sean Manaea\manaese01,25,OAK,AL,3,0,,,,,,,,,,,,,,,,,,,,,,,/1
449,Trey Mancini\mancitr01,25,BAL,AL,7,24,22,5,8,1,0,4,9,0,0,2,6,.364,.417,.955,1.371,267,21,1,0,0,0,0,/D739
450,Manuel Margot\margoma01,22,SDP,NL,13,55,52,8,14,4,0,3,6,1,1,3,11,.269,.309,.519,.828,121,27,0,0,0,0,0,*8
451,Jhan Marinez\marinjh01,28,MIL,NL,5,0,0,0,0,0,0,0,0,0,0,0,0,,,,,,0,0,0,0,0,0,/1
452,Jake Marisnick\marisja01,26,HOU,AL,10,16,13,4,4,0,0,1,1,0,1,3,5,.308,.438,.538,.976,183,7,0,0,0,0,0,*8
453,Nick Markakis*\markani01,33,ATL,NL,11,48,41,6,12,4,1,1,7,0,1,5,11,.293,.396,.512,.908,147,21,2,2,0,0,1,*9
454,Chris Marrero\marrech01,28,SFG,NL,11,28,26,1,4,0,0,1,4,0,0,1,7,.154,.179,.269,.448,21,7,2,0,0,1,0,*/7
455,Evan Marshall\marshev01,27,SEA,AL,2,0,,,,,,,,,,,,,,,,,,,,,,,/1
456,Jefry Marte\marteje01,26,LAA,AL,6,22,19,3,4,0,0,1,3,0,0,2,6,.211,.318,.368,.687,99,7,0,1,0,0,0,/37
457,Starling Marte\martest01,28,PIT,NL,12,55,50,7,13,1,0,2,7,2,2,3,17,.260,.309,.400,.709,92,20,1,1,0,1,0,*8
458,Leonys Martin*\martile01,29,SEA,AL,11,44,42,2,5,1,0,0,0,3,1,1,12,.119,.159,.143,.302,-12,6,0,1,0,0,0,*8
459,Russell Martin\martiru01,34,TOR,AL,10,39,31,3,3,1,0,0,0,1,0,8,13,.097,.282,.129,.411,21,4,1,0,0,0,0,*2
460,Carlos Martinez\martica04,25,STL,NL,3,4,4,0,0,0,0,0,0,0,0,0,1,.000,.000,.000,.000,-100,0,1,0,0,0,0,/1
461,Jose Martinez\martijo08,28,STL,NL,8,14,12,2,6,2,0,0,1,0,0,2,2,.500,.571,.667,1.238,241,8,0,0,0,0,0,/39
462,Michael Martinez#\martimi02,34,CLE,AL,6,2,1,0,1,1,0,0,0,0,0,0,0,1.000,1.000,2.000,3.000,689,2,0,0,1,0,0,/51
463,Victor Martinez#\martivi01,38,DET,AL,12,47,41,2,8,0,0,0,4,0,0,4,10,.195,.277,.195,.472,39,8,3,1,0,1,0,*D
464,Jeff Mathis\mathije01,34,ARI,NL,7,25,24,2,5,2,1,0,1,0,0,1,6,.208,.240,.375,.615,61,9,2,0,0,0,0,/2
465,Joe Mauer*\mauerjo01,34,MIN,AL,11,45,42,4,8,0,0,0,6,0,0,3,3,.190,.244,.190,.435,26,8,2,0,0,0,0,*3
466,Brandon Maurer\maurebr01,26,SDP,NL,4,0,0,0,0,0,0,0,0,0,0,0,0,,,,,,0,0,0,0,0,0,/1
467,Jacob May#\mayja02,25,CHW,AL,8,24,21,1,0,0,0,0,2,0,0,1,8,.000,.087,.000,.087,-72,0,0,1,1,0,0,*/8
468,Cameron Maybin\maybica01,30,LAA,AL,9,37,33,6,7,1,0,1,2,1,0,4,10,.212,.297,.333,.631,83,11,3,0,0,0,0,*/789
469,Nomar Mazara*\mazarno01,22,TEX,AL,12,53,50,11,17,2,0,4,13,0,0,2,9,.340,.377,.620,.997,168,31,0,1,0,0,0,*9/7
470,Zach McAllister\mcallza01,29,CLE,AL,5,0,0,0,0,0,0,0,0,0,0,0,0,,,,,,0,0,0,0,0,0,/1
471,Brian McCann*\mccanbr01,33,HOU,AL,9,38,30,5,8,1,0,2,7,0,0,7,4,.267,.395,.500,.895,159,15,4,0,0,1,2,*/2
472,James McCann\mccanja02,27,DET,AL,9,32,28,3,4,0,0,3,5,0,0,4,5,.143,.250,.464,.714,100,13,0,0,0,0,0,*/2
473,Brandon McCarthy\mccarbr01,33,LAD,NL,2,4,3,0,1,0,0,0,0,0,0,1,2,.333,.500,.333,.833,140,1,0,0,0,0,0,/1
474,Lance McCullers*\mcculla02,23,HOU,AL,3,0,,,,,,,,,,,,,,,,,,,,,,,/1
475,Andrew McCutchen\mccutan01,30,PIT,NL,12,51,48,5,12,1,1,2,7,0,0,3,10,.250,.294,.438,.732,96,21,2,0,0,0,0,*9
476,Jake McGee*\mcgeeja01,30,COL,NL,5,0,0,0,0,0,0,0,0,0,0,0,0,,,,,,0,0,0,0,0,0,/1
477,Dustin McGowan\mcgowdu01,35,MIA,NL,6,1,1,0,0,0,0,0,0,0,0,0,1,.000,.000,.000,.000,-100,0,0,0,0,0,0,/1
478,Adalberto Mejia\mejiaad01,24,MIN,AL,2,0,,,,,,,,,,,,,,,,,,,,,,,/1
479,Mark Melancon\melanma01,32,SFG,NL,4,0,0,0,0,0,0,0,0,0,0,0,0,,,,,,0,0,0,0,0,0,/1
480,Jordy Mercer\mercejo03,30,PIT,NL,12,47,41,3,8,1,0,0,4,0,1,6,8,.195,.298,.220,.517,45,9,2,0,0,0,2,*6
481,Wade Miley*\mileywa01,30,BAL,AL,2,0,,,,,,,,,,,,,,,,,,,,,,,/1
482,Andrew Miller*\millean01,32,CLE,AL,5,0,0,0,0,0,0,0,0,0,0,0,0,,,,,,0,0,0,0,0,0,/1
483,Brad Miller*\millebr02,27,TBR,AL,13,51,44,8,9,1,2,1,6,0,0,7,19,.205,.314,.386,.700,102,17,2,0,0,0,0,*4
484,Shelby Miller\millesh01,26,ARI,NL,2,4,3,1,0,0,0,0,0,0,0,0,1,.000,.250,.000,.250,-24,0,0,1,0,0,0,/1
485,Tommy Milone*\milonto01,30,MIL,NL,3,3,3,0,0,0,0,0,0,0,0,0,1,.000,.000,.000,.000,-100,0,0,0,0,0,0,/1
486,Mike Minor\minormi01,29,KCR,AL,6,0,,,,,,,,,,,,,,,,,,,,,,,/1
487,Ariel Miranda*\miranar01,28,SEA,AL,2,0,,,,,,,,,,,,,,,,,,,,,,,/1
488,Bryan Mitchell*\mitchbr01,26,NYY,AL,4,0,,,,,,,,,,,,,,,,,,,,,,,/1
489,Yadier Molina\molinya01,34,STL,NL,11,42,35,4,8,1,0,1,6,0,0,4,6,.229,.310,.343,.652,80,12,1,1,0,2,1,*2
490,Raul Mondesi#\mondera02,21,KCR,AL,12,36,32,4,4,0,0,1,2,5,0,1,10,.125,.152,.219,.370,2,7,0,0,3,0,0,*4/D
491,Frankie Montas\montafr02,24,OAK,AL,4,0,,,,,,,,,,,,,,,,,,,,,,,/1
492,Miguel Montero*\montemi01,33,CHC,NL,4,12,11,0,0,0,0,0,0,1,0,1,5,.000,.083,.000,.083,-74,0,0,0,0,0,0,/2
493,Rafael Montero\montera01,26,NYM,NL,5,0,0,0,0,0,0,0,0,0,0,0,0,,,,,,0,0,0,0,0,0,/1
494,Jordan Montgomery*\montgjo01,24,NYY,AL,1,0,,,,,,,,,,,,,,,,,,,,,,,/1
495,Mike Montgomery*\montgmi01,27,CHC,NL,4,0,0,0,0,0,0,0,0,0,0,0,0,,,,,,0,0,0,0,0,0,/1
496,Matt Moore*\moorema02,28,SFG,NL,3,6,5,0,0,0,0,0,1,0,0,0,2,.000,.000,.000,.000,-100,0,0,0,1,0,0,/1
497,Tyler Moore\moorety01,30,MIA,NL,8,11,11,0,4,1,0,0,1,0,0,0,4,.364,.364,.455,.818,127,5,1,0,0,0,0,/3
498,Kendrys Morales#\moralke01,34,TOR,AL,12,50,44,5,10,2,0,2,7,0,0,5,9,.227,.320,.409,.729,103,18,3,1,0,0,0,*/D3
499,Mitch Moreland*\morelmi01,31,BOS,AL,12,52,45,7,16,9,0,1,5,0,0,6,11,.356,.442,.622,1.065,187,28,2,1,0,0,2,*3
500,Adam Morgan*\morgaad01,27,PHI,NL,2,2,2,0,1,0,0,0,0,0,0,0,1,.500,.500,.500,1.000,177,1,0,0,0,0,0,/1
501,Mike Morin\morinmi01,26,LAA,AL,3,0,,,,,,,,,,,,,,,,,,,,,,,/1
502,Logan Morrison*\morrilo01,29,TBR,AL,13,42,40,6,13,1,0,3,10,0,0,2,8,.325,.357,.575,.932,165,23,2,0,0,0,0,*3
503,Charlie Morton\mortoch02,33,HOU,AL,2,0,,,,,,,,,,,,,,,,,,,,,,,/1
504,Brandon Moss*\mossbr01,33,KCR,AL,9,36,29,3,3,0,0,2,3,0,0,6,13,.103,.250,.310,.560,56,9,1,0,0,1,0,*/D7
505,Taylor Motter\motteta01,27,SEA,AL,9,27,24,6,7,4,0,2,5,0,0,3,8,.292,.370,.708,1.079,203,17,1,0,0,0,0,/637
506,Mike Moustakas*\moustmi01,28,KCR,AL,12,45,41,9,12,1,0,5,6,0,0,4,9,.293,.356,.683,1.038,183,28,1,0,0,0,0,*/5D
507,Peter Moylan\moylape01,38,KCR,AL,6,0,,,,,,,,,,,,,,,,,,,,,,,/1
508,Daniel Murphy*\murphda08,32,WSN,NL,12,54,53,7,21,7,0,2,10,0,0,1,4,.396,.407,.642,1.049,179,34,1,0,0,0,0,*4
509,Joe Musgrove\musgrjo01,24,HOU,AL,2,0,,,,,,,,,,,,,,,,,,,,,,,/1
510,Wil Myers\myerswi01,26,SDP,NL,13,55,52,10,19,5,2,3,9,0,1,1,9,.365,.382,.712,1.093,189,37,3,1,0,1,0,*3
511,Mike Napoli\napolmi01,35,TEX,AL,12,52,45,5,7,1,0,2,4,0,0,4,15,.156,.255,.311,.566,55,14,0,2,0,0,2,*3/D
512,Tyler Naquin*\naquity01,26,CLE,AL,6,18,17,3,4,1,0,0,0,0,0,1,5,.235,.278,.294,.572,56,5,1,0,0,0,0,/8
513,Omar Narvaez*\narvaom01,25,CHW,AL,5,17,15,0,3,0,0,0,1,0,0,2,2,.200,.294,.200,.494,47,3,0,0,0,0,0,/2
514,Daniel Nava#\navada01,34,PHI,NL,7,14,10,5,5,1,0,2,4,0,0,4,1,.500,.643,1.200,1.843,390,12,0,0,0,0,0,/739
515,Jimmy Nelson\nelsoji02,28,MIL,NL,2,5,4,0,0,0,0,0,0,0,0,0,3,.000,.000,.000,.000,-100,0,0,0,1,0,0,/1
516,Hector Neris\nerishe01,28,PHI,NL,6,0,0,0,0,0,0,0,0,0,0,0,0,,,,,,0,0,0,0,0,0,/1
517,Pat Neshek#\neshepa01,36,PHI,NL,6,0,0,0,0,0,0,0,0,0,0,0,0,,,,,,0,0,0,0,0,0,/1
518,Juan Nicasio\nicasju01,30,PIT,NL,6,0,0,0,0,0,0,0,0,0,0,0,0,,,,,,0,0,0,0,0,0,/1
519,Kirk Nieuwenhuis*\nieuwki01,29,MIL,NL,11,23,21,2,1,0,0,1,1,0,0,1,13,.048,.130,.190,.321,-14,4,0,1,0,0,0,/87
520,Aaron Nola\nolaaa01,24,PHI,NL,2,5,4,2,1,0,0,0,0,0,0,1,1,.250,.400,.250,.650,85,1,0,0,0,0,0,/1
521,Ricky Nolasco\nolasri01,34,LAA,AL,3,0,,,,,,,,,,,,,,,,,,,,,,,/1
522,Bud Norris\norribu01,32,LAA,AL,5,0,,,,,,,,,,,,,,,,,,,,,,,/1
523,Daniel Norris*\norrida01,24,DET,AL,2,0,,,,,,,,,,,,,,,,,,,,,,,/1
524,Derek Norris\norride01,28,TBR,AL,9,35,32,3,5,0,0,0,4,1,0,1,10,.156,.200,.156,.356,5,5,0,1,0,1,0,*/2
525,Ivan Nova\novaiv01,30,PIT,NL,2,4,2,0,0,0,0,0,0,0,0,0,0,.000,.000,.000,.000,-100,0,0,0,2,0,0,/1
526,Eduardo Nunez\nunezed02,30,SFG,NL,13,52,48,5,15,2,0,0,4,5,0,3,3,.313,.346,.354,.700,94,17,2,0,0,1,0,*5/6
527,Vidal Nuno*\nunovi01,29,BAL,AL,3,0,,,,,,,,,,,,,,,,,,,,,,,/1
528,Darren O'Day\odayda01,34,BAL,AL,5,0,,,,,,,,,,,,,,,,,,,,,,,/1
529,Eric O'Flaherty*\oflaher01,32,ATL,NL,5,0,0,0,0,0,0,0,0,0,0,0,0,,,,,,0,0,0,0,0,0,/1
530,Scott Oberg\obergsc01,27,COL,NL,6,0,0,0,0,0,0,0,0,0,0,0,0,,,,,,0,0,0,0,0,0,/1
531,Rougned Odor*\odorro01,23,TEX,AL,12,50,48,6,10,2,1,3,8,0,1,1,11,.208,.240,.479,.719,91,23,0,1,0,0,0,*4
532,Jake Odorizzi\odorija01,27,TBR,AL,3,0,,,,,,,,,,,,,,,,,,,,,,,/1
533,Seung-hwan Oh\ohse01,34,STL,NL,4,0,0,0,0,0,0,0,0,0,0,0,0,,,,,,0,0,0,0,0,0,/1
534,Steven Okert*\okertst01,25,SFG,NL,1,0,0,0,0,0,0,0,0,0,0,0,0,,,,,,0,0,0,0,0,0,/1
535,Paulo Orlando\orlanpa01,31,KCR,AL,11,42,39,3,5,0,0,0,2,0,0,1,12,.128,.171,.128,.299,-14,5,1,1,0,0,0,*9
536,Roberto Osuna\osunaro01,22,TOR,AL,2,0,,,,,,,,,,,,,,,,,,,,,,,/1
537,Dan Otero\oteroda01,32,CLE,AL,6,0,0,0,0,0,0,0,0,0,0,0,0,,,,,,0,0,0,0,0,0,/1
538,Adam Ottavino#\ottavad01,31,COL,NL,7,0,0,0,0,0,0,0,0,0,0,0,0,,,,,,0,0,0,0,0,0,/1
539,Dillon Overton*\overtdi01,25,SEA,AL,2,0,,,,,,,,,,,,,,,,,,,,,,,/1
540,Chris Owings\owingch01,25,ARI,NL,12,47,45,4,16,3,0,1,6,4,0,2,12,.356,.383,.489,.872,131,22,0,0,0,0,0,*/694
541,Marcell Ozuna\ozunama01,26,MIA,NL,12,53,47,7,19,1,0,5,18,0,0,5,11,.404,.453,.745,1.198,227,35,2,0,0,1,1,*7
542,Joe Panik*\panikjo01,26,SFG,NL,13,49,43,7,13,4,1,0,3,0,0,5,5,.302,.367,.442,.809,122,19,1,0,0,1,0,*4
543,Blake Parker\parkebl01,32,LAA,AL,7,0,,,,,,,,,,,,,,,,,,,,,,,/1
544,Jarrett Parker*\parkeja03,28,SFG,NL,9,23,21,1,3,0,1,0,2,0,0,2,10,.143,.217,.238,.455,26,5,0,0,0,0,1,*/79
545,Gerardo Parra*\parrage01,30,COL,NL,10,37,35,3,12,1,0,1,6,0,1,2,7,.343,.378,.457,.836,114,16,1,0,0,0,0,*/73
546,James Paxton*\paxtoja01,28,SEA,AL,3,0,,,,,,,,,,,,,,,,,,,,,,,/1
547,James Pazos\pazosja01,26,SEA,AL,6,0,,,,,,,,,,,,,,,,,,,,,,,/1
548,Brad Peacock\peacobr01,29,HOU,AL,4,0,,,,,,,,,,,,,,,,,,,,,,,/1
549,Steve Pearce\pearcst01,34,TOR,AL,9,34,32,1,5,0,0,0,0,0,0,2,10,.156,.206,.156,.362,4,5,4,0,0,0,0,*/73
550,Joc Pederson*\pederjo01,25,LAD,NL,12,39,32,3,7,1,0,1,6,0,0,5,12,.219,.333,.344,.677,89,11,0,1,0,1,0,*8
551,Dustin Pedroia\pedrodu01,33,BOS,AL,12,53,48,3,13,1,0,0,5,0,1,4,7,.271,.321,.292,.612,69,14,0,0,0,1,1,*4
552,Hunter Pence\pencehu01,34,SFG,NL,14,60,54,7,16,2,1,1,7,0,0,5,12,.296,.350,.426,.776,113,23,0,0,0,1,0,*9
553,Cliff Pennington#\pennicl01,33,LAA,AL,5,10,7,1,2,0,0,0,1,0,0,3,3,.286,.500,.286,.786,136,2,0,0,0,0,0,/64
554,David Peralta*\peralda01,29,ARI,NL,11,49,45,3,8,1,0,2,4,2,0,2,14,.178,.224,.333,.558,46,15,0,1,0,1,0,*9
555,Jhonny Peralta\peraljh01,35,STL,NL,8,27,25,1,3,0,0,0,0,0,0,2,9,.120,.185,.120,.305,-13,3,1,0,0,0,0,*/5
556,Wandy Peralta*\peralwa01,25,CIN,NL,6,0,0,0,0,0,0,0,0,0,0,0,0,,,,,,0,0,0,0,0,0,/1
557,Wily Peralta\peralwi01,28,MIL,NL,3,5,4,0,2,0,0,0,0,0,0,0,0,.500,.500,.500,1.000,175,2,0,0,1,0,0,/1
558,Jose Peraza\perazjo01,23,CIN,NL,12,51,50,5,12,2,0,0,3,5,0,0,2,.240,.255,.280,.535,46,14,1,1,0,0,0,*/46
559,Luis Perdomo\perdolu02,24,SDP,NL,1,2,2,0,0,0,0,0,0,0,0,0,1,.000,.000,.000,.000,-100,0,0,0,0,0,0,/1
560,Carlos Perez\perezca02,26,LAA,AL,5,13,13,0,1,0,0,0,1,0,0,0,4,.077,.077,.077,.154,-55,1,0,0,0,0,0,/2
561,Hernan Perez\perezhe01,26,MIL,NL,11,35,33,1,6,2,0,1,4,0,0,2,8,.182,.229,.333,.562,51,11,0,0,0,0,0,/5968
562,Martin Perez*\perezma02,26,TEX,AL,3,0,,,,,,,,,,,,,,,,,,,,,,,/1
563,Oliver Perez*\perezol01,35,WSN,NL,2,0,0,0,0,0,0,0,0,0,0,0,0,,,,,,0,0,0,0,0,0,/1
564,Roberto Perez\perezro02,28,CLE,AL,4,14,13,0,1,0,0,0,2,0,0,0,2,.077,.071,.077,.148,-60,1,0,0,0,1,0,/2
565,Salvador Perez\perezsa02,27,KCR,AL,12,47,45,6,13,1,0,5,7,0,0,1,10,.289,.298,.644,.942,155,29,3,0,0,1,0,*2/D
566,Jace Peterson*\peterja01,27,ATL,NL,9,21,19,1,4,1,1,0,2,0,0,2,7,.211,.286,.368,.654,78,7,1,0,0,0,0,/75
567,Shane Peterson*\petersh01,29,TBR,AL,3,7,7,1,2,0,0,1,3,0,0,0,2,.286,.286,.714,1.000,178,5,0,0,0,0,0,/D
568,Yusmeiro Petit\petityu01,32,LAA,AL,4,0,,,,,,,,,,,,,,,,,,,,,,,/1
569,Jake Petricka\petrija01,29,CHW,AL,1,0,,,,,,,,,,,,,,,,,,,,,,,/1
570,Josh Phegley\phegljo01,29,OAK,AL,3,10,10,0,2,0,0,0,0,0,0,0,3,.200,.200,.200,.400,18,2,0,0,0,0,0,/2
571,David Phelps\phelpda01,30,MIA,NL,7,1,1,0,0,0,0,0,0,0,0,0,1,.000,.000,.000,.000,-100,0,0,0,0,0,0,/1
572,Brandon Phillips\phillbr01,36,ATL,NL,11,46,42,7,14,3,0,1,6,4,0,2,4,.333,.391,.476,.867,137,20,4,2,0,0,0,*4
573,Kevin Pillar\pillake01,28,TOR,AL,12,48,46,2,13,2,0,1,2,0,1,1,6,.283,.313,.391,.704,96,18,2,1,0,0,0,*8
574,Manny Pina\pinama01,30,MIL,NL,8,27,26,3,12,5,0,0,3,0,0,1,3,.462,.481,.654,1.135,207,17,0,0,0,0,0,/2
575,Michael Pineda\pinedmi01,28,NYY,AL,3,0,,,,,,,,,,,,,,,,,,,,,,,/1
576,Stephen Piscotty\piscost01,26,STL,NL,10,38,31,4,8,1,0,2,8,0,1,5,9,.258,.395,.484,.879,141,15,0,2,0,0,0,*9
577,Trevor Plouffe\plouftr01,31,OAK,AL,11,44,39,4,8,0,0,2,4,0,0,4,14,.205,.273,.359,.632,83,14,4,0,0,1,0,*5/D
578,Gregory Polanco*\polangr01,25,PIT,NL,9,39,36,6,10,2,0,0,1,4,1,3,7,.278,.333,.333,.667,84,12,0,0,0,0,0,*/7D
579,Jorge Polanco#\polanjo01,23,MIN,AL,11,46,43,5,13,3,0,1,5,0,0,3,6,.302,.348,.442,.790,123,19,0,0,0,0,0,*6
580,A.J. Pollock\polloaj01,29,ARI,NL,12,53,51,7,10,3,1,1,5,1,1,2,9,.196,.226,.353,.579,51,18,1,0,0,0,0,*8
581,Drew Pomeranz\pomerdr01,28,BOS,AL,2,0,,,,,,,,,,,,,,,,,,,,,,,/1
582,Rick Porcello\porceri01,28,BOS,AL,3,0,,,,,,,,,,,,,,,,,,,,,,,/1
583,Buster Posey\poseybu01,30,SFG,NL,7,27,21,4,7,2,0,1,2,0,0,5,4,.333,.481,.571,1.053,189,12,0,1,0,0,0,/2
584,Ryan Pressly\pressry01,28,MIN,AL,5,0,,,,,,,,,,,,,,,,,,,,,,,/1
585,Jurickson Profar#\profaju01,24,TEX,AL,7,24,19,2,4,0,0,0,2,0,0,5,7,.211,.375,.211,.586,67,4,0,0,0,0,0,/7
586,Austin Pruitt\pruitau01,27,TBR,AL,6,0,,,,,,,,,,,,,,,,,,,,,,,/1
587,Yasiel Puig\puigya01,26,LAD,NL,13,54,43,7,14,3,0,4,11,2,1,9,7,.326,.426,.674,1.100,199,29,3,0,0,2,1,*9
588,Albert Pujols\pujolal01,37,LAA,AL,13,54,50,3,10,1,0,1,8,0,0,4,8,.200,.259,.280,.539,57,14,1,0,0,0,1,*D/3
589,Zach Putnam\putnaza01,29,CHW,AL,5,0,,,,,,,,,,,,,,,,,,,,,,,/1
590,Kevin Quackenbush\quackke01,28,SDP,NL,1,0,0,0,0,0,0,0,0,0,0,0,0,,,,,,0,0,0,0,0,0,/1
591,Jose Quintana\quintjo01,28,CHW,AL,3,0,,,,,,,,,,,,,,,,,,,,,,,/1
592,Erasmo Ramirez\ramirer02,27,TBR,AL,5,0,,,,,,,,,,,,,,,,,,,,,,,/1
593,Hanley Ramirez\ramirha01,33,BOS,AL,8,36,32,3,9,2,0,0,4,0,1,4,4,.281,.361,.344,.705,95,11,1,0,0,0,0,*/D
594,J.C. Ramirez\ramirjc01,28,LAA,AL,4,0,,,,,,,,,,,,,,,,,,,,,,,/1
595,Jose Ramirez\ramirjo02,27,ATL,NL,7,0,0,0,0,0,0,0,0,0,0,0,0,,,,,,0,0,0,0,0,0,/1
596,Jose Ramirez#\ramirjo01,24,CLE,AL,12,51,43,6,15,3,0,3,13,0,0,6,5,.349,.412,.628,1.040,177,27,1,0,0,2,0,*4
597,Neil Ramirez\ramirne01,28,SFG,NL,5,0,0,0,0,0,0,0,0,0,0,0,0,,,,,,0,0,0,0,0,0,/1
598,Noe Ramirez\ramirno01,27,BOS,AL,1,0,,,,,,,,,,,,,,,,,,,,,,,/1
599,A.J. Ramos\ramosaj01,30,MIA,NL,6,0,0,0,0,0,0,0,0,0,0,0,0,,,,,,0,0,0,0,0,0,/1
600,Edubray Ramos\ramosed02,24,PHI,NL,5,0,0,0,0,0,0,0,0,0,0,0,0,,,,,,0,0,0,0,0,0,/1
601,Robbie Ray*\rayro02,25,ARI,NL,2,5,4,1,2,0,0,0,0,0,0,0,2,.500,.500,.500,1.000,169,2,0,0,1,0,0,/1
602,J.T. Realmuto\realmjt01,26,MIA,NL,10,42,38,7,15,2,1,2,7,0,1,4,1,.395,.452,.658,1.110,205,25,1,0,0,0,2,*/2
603,Anthony Recker\reckean01,33,ATL,NL,4,2,2,1,1,0,0,0,0,0,0,0,1,.500,.500,.500,1.000,177,1,0,0,0,0,0,/2
604,Josh Reddick*\reddijo01,30,HOU,AL,12,36,33,5,9,1,0,0,2,1,1,2,6,.273,.306,.303,.609,78,10,0,0,0,1,0,*/973D
605,Addison Reed*\reedad01,28,NYM,NL,7,0,0,0,0,0,0,0,0,0,0,0,0,,,,,,0,0,0,0,0,0,/1
606,Cody Reed*\reedco01,24,CIN,NL,3,1,1,0,0,0,0,0,0,0,0,0,1,.000,.000,.000,.000,-100,0,0,0,0,0,0,/1
607,Anthony Rendon\rendoan01,27,WSN,NL,11,46,44,1,9,2,0,0,4,0,0,2,10,.205,.239,.250,.489,34,11,0,0,0,0,0,*5
608,Hunter Renfroe\renfrhu01,25,SDP,NL,13,51,51,3,13,2,0,3,6,1,0,0,10,.255,.255,.471,.725,92,24,2,0,0,0,0,*9
609,Ben Revere*\reverbe01,29,LAA,AL,8,24,23,4,5,2,0,0,1,0,0,1,3,.217,.250,.304,.554,60,7,1,0,0,0,0,/78
610,Jose Reyes#\reyesjo01,34,NYM,NL,13,51,46,3,4,1,0,0,0,0,0,5,13,.087,.176,.109,.285,-18,5,0,0,0,0,0,*5/6
611,Mark Reynolds\reynoma01,33,COL,NL,14,53,49,8,15,3,0,4,11,0,1,4,11,.306,.358,.612,.971,143,30,2,0,0,0,0,*3
612,Clayton Richard*\richacl01,33,SDP,NL,3,7,5,0,1,0,0,0,0,0,0,0,2,.200,.333,.200,.533,52,1,0,1,1,0,0,/1
613,Garrett Richards\richaga01,29,LAA,AL,1,0,,,,,,,,,,,,,,,,,,,,,,,/1
614,Joey Rickard\rickajo01,26,BAL,AL,4,6,6,0,0,0,0,0,0,0,1,0,1,.000,.000,.000,.000,-100,0,0,0,0,0,0,/7
615,J.T. Riddle*\riddljt01,25,MIA,NL,6,12,11,1,2,0,0,1,2,0,0,0,4,.182,.182,.455,.636,69,5,0,0,1,0,0,/6
616,Rene Rivera\riverre01,33,NYM,NL,6,18,18,0,5,1,0,0,0,0,0,0,6,.278,.278,.333,.611,68,6,0,0,0,0,0,/23
617,T.J. Rivera\rivertj01,28,NYM,NL,4,5,3,1,0,0,0,0,0,0,0,2,3,.000,.400,.000,.400,25,0,0,0,0,0,0,/5
618,Felipe Rivero*\riverfe01,25,PIT,NL,9,0,0,0,0,0,0,0,0,0,0,0,0,,,,,,0,0,0,0,0,0,*/1
619,Anthony Rizzo*\rizzoan01,27,CHC,NL,12,56,47,4,13,3,0,1,3,1,0,5,7,.277,.393,.404,.797,122,19,3,4,0,0,0,*3/47
620,Tanner Roark\roarkta01,30,WSN,NL,3,6,4,0,2,1,0,0,0,0,0,0,0,.500,.500,.750,1.250,234,3,0,0,2,0,0,/1
621,Daniel Robertson\roberda10,23,TBR,AL,8,25,23,1,4,0,0,0,0,0,0,2,10,.174,.240,.174,.414,23,4,0,0,0,0,0,/645D
622,David Robertson\roberda08,32,CHW,AL,5,0,,,,,,,,,,,,,,,,,,,,,,,/1
623,Drew Robinson*\robindr01,25,TEX,AL,1,2,2,0,0,0,0,0,0,0,0,0,0,.000,.000,.000,.000,-100,0,0,0,0,0,0,/D
624,Hansel Robles\robleha01,26,NYM,NL,8,0,0,0,0,0,0,0,0,0,0,0,0,,,,,,0,0,0,0,0,0,*/1
625,Fernando Rodney\rodnefe01,40,ARI,NL,6,0,0,0,0,0,0,0,0,0,0,0,0,,,,,,0,0,0,0,0,0,/1
626,Eduardo Rodriguez*\rodried05,24,BOS,AL,2,0,,,,,,,,,,,,,,,,,,,,,,,/1
627,Francisco Rodriguez\rodrifr03,35,DET,AL,6,0,,,,,,,,,,,,,,,,,,,,,,,/1
628,Joely Rodriguez*\rodrijo06,25,PHI,NL,5,0,0,0,0,0,0,0,0,0,0,0,0,,,,,,0,0,0,0,0,0,/1
629,Chaz Roe\roech01,30,ATL,NL,3,0,0,0,0,0,0,0,0,0,0,0,0,,,,,,0,0,0,0,0,0,/1
630,Taylor Rogers*\rogerta01,26,MIN,AL,3,0,,,,,,,,,,,,,,,,,,,,,,,/1
631,Miguel Rojas\rojasmi02,28,MIA,NL,11,37,30,6,11,2,0,0,2,0,0,5,6,.367,.444,.433,.878,148,13,1,0,1,1,0,*/564
632,Sal Romano*\romansa01,23,CIN,NL,1,0,0,0,0,0,0,0,0,0,0,0,0,,,,,,0,0,0,0,0,0,/1
633,Enny Romero*\romeren01,26,WSN,NL,4,1,1,0,0,0,0,0,0,0,0,0,1,.000,.000,.000,.000,-100,0,0,0,0,0,0,/1
634,Andrew Romine#\rominan01,31,DET,AL,8,24,24,5,6,3,0,1,4,0,2,0,6,.250,.250,.500,.750,109,12,0,0,0,0,0,/834D7
635,Austin Romine\rominau01,28,NYY,AL,6,23,19,4,7,2,0,1,4,0,0,3,2,.368,.435,.632,1.066,194,12,1,0,0,1,0,/23
636,Sergio Romo\romose01,34,LAD,NL,5,0,0,0,0,0,0,0,0,0,0,0,0,,,,,,0,0,0,0,0,0,/1
637,Bruce Rondon\rondobr01,26,DET,AL,3,0,,,,,,,,,,,,,,,,,,,,,,,/1
638,Hector Rondon\rondohe01,29,CHC,NL,6,0,0,0,0,0,0,0,0,0,0,0,0,,,,,,0,0,0,0,0,0,/1
639,Adam Rosales\rosalad01,34,OAK,AL,5,16,14,1,4,1,0,0,1,0,0,1,4,.286,.333,.357,.690,103,5,1,0,1,0,0,/476
640,Eddie Rosario*\rosared01,25,MIN,AL,11,43,39,1,6,1,0,0,3,1,0,3,7,.154,.214,.179,.394,14,7,3,0,1,0,0,*/78D
641,Trevor Rosenthal\rosentr01,27,STL,NL,2,0,0,0,0,0,0,0,0,0,0,0,0,,,,,,0,0,0,0,0,0,/1
642,Robbie Ross*\rossro01,28,BOS,AL,1,0,,,,,,,,,,,,,,,,,,,,,,,/1
643,Ryan Rua\ruary01,27,TEX,AL,7,17,16,4,2,0,0,0,0,0,0,1,6,.125,.176,.125,.301,-15,2,0,0,0,0,0,/73
644,Carlos Ruiz\ruizca01,38,SEA,AL,4,14,11,2,2,1,0,0,1,0,0,1,3,.182,.357,.273,.630,86,3,1,2,0,0,0,/2
645,Cameron Rupp\ruppca01,28,PHI,NL,9,35,30,4,5,2,0,1,2,0,0,5,11,.167,.286,.333,.619,70,10,2,0,0,0,0,*/2
646,Chris Rusin*\rusinch01,30,COL,NL,2,2,2,0,1,0,0,0,0,0,0,0,0,.500,.500,.500,1.000,159,1,0,0,0,0,0,/1
647,Addison Russell\russead02,23,CHC,NL,12,53,52,8,13,5,1,1,8,1,0,1,7,.250,.264,.442,.706,91,23,2,0,0,0,0,*6
648,Kyle Ryan*\ryanky01,25,DET,AL,5,0,,,,,,,,,,,,,,,,,,,,,,,/1
649,Hyun-Jin Ryu\ryuhy01,30,LAD,NL,2,4,3,0,0,0,0,0,0,0,0,1,1,.000,.250,.000,.250,-21,0,0,0,0,0,0,/1
650,Marc Rzepczynski*\rzepcma01,31,SEA,AL,6,0,,,,,,,,,,,,,,,,,,,,,,,/1
651,CC Sabathia*\sabatc.01,36,NYY,AL,3,0,,,,,,,,,,,,,,,,,,,,,,,/1
652,Tyler Saladino\saladty01,27,CHW,AL,8,35,27,2,6,2,0,0,0,1,1,5,8,.222,.382,.296,.679,101,8,0,2,1,0,0,*/4
653,Fernando Salas\salasfe01,32,NYM,NL,8,0,0,0,0,0,0,0,0,0,0,0,0,,,,,,0,0,0,0,0,0,*/1
654,Danny Salazar\salazda01,27,CLE,AL,2,0,,,,,,,,,,,,,,,,,,,,,,,/1
655,Chris Sale*\salech01,28,BOS,AL,3,0,,,,,,,,,,,,,,,,,,,,,,,/1
656,Jarrod Saltalamacchia#\saltaja01,32,TOR,AL,6,10,10,1,1,0,0,0,0,0,0,0,6,.100,.100,.100,.200,-44,1,0,0,0,0,0,/2D
657,Jeff Samardzija\samarje01,32,SFG,NL,3,6,6,0,0,0,0,0,0,0,0,0,5,.000,.000,.000,.000,-100,0,0,0,0,0,0,/1
658,Aaron Sanchez\sanchaa01,24,TOR,AL,2,0,,,,,,,,,,,,,,,,,,,,,,,/1
659,Anibal Sanchez\sanchan01,33,DET,AL,4,0,,,,,,,,,,,,,,,,,,,,,,,/1
660,Gary Sanchez\sanchga02,24,NYY,AL,5,21,20,1,3,0,0,1,2,0,1,1,4,.150,.190,.300,.490,35,6,0,0,0,0,0,/2
661,Hector Sanchez#\sanchhe01,27,SDP,NL,5,9,9,0,0,0,0,0,0,0,0,0,4,.000,.000,.000,.000,-100,0,0,0,0,0,0,/2
662,Yolmer Sanchez#\sanchca01,25,CHW,AL,5,16,16,1,4,2,0,0,0,0,0,0,2,.250,.250,.375,.625,78,6,0,0,0,0,0,/4D
663,Pablo Sandoval#\sandopa01,30,BOS,AL,11,46,42,6,6,1,0,3,9,0,0,3,10,.143,.196,.381,.577,53,16,3,0,0,1,0,*5/D
664,Miguel Sano\sanomi01,24,MIN,AL,12,51,40,11,10,4,1,3,12,0,0,11,16,.250,.412,.625,1.037,190,25,1,0,0,0,1,*5/3D
665,Carlos Santana#\santaca01,31,CLE,AL,12,58,53,7,11,4,0,2,10,0,0,5,8,.208,.276,.396,.672,80,21,1,0,0,0,0,/3D9
666,Danny Santana#\santada01,26,MIN,AL,7,15,14,1,2,0,0,0,0,0,0,1,4,.143,.200,.143,.343,0,2,1,0,0,0,0,/7945
667,Domingo Santana\santado01,24,MIL,NL,12,45,38,7,9,4,0,2,3,1,0,6,9,.237,.356,.500,.856,131,19,2,1,0,0,0,*9
668,Ervin Santana\santaer01,34,MIN,AL,3,0,,,,,,,,,,,,,,,,,,,,,,,/1
669,Hector Santiago\santihe01,29,MIN,AL,3,0,,,,,,,,,,,,,,,,,,,,,,,/1
670,Luis Sardinas#\sardilu01,24,SDP,NL,9,13,12,0,1,0,0,0,0,0,0,1,3,.083,.154,.083,.237,-32,1,0,0,0,0,0,/645
671,Michael Saunders*\saundmi01,30,PHI,NL,12,42,40,3,9,2,1,0,5,0,0,2,8,.225,.262,.325,.587,60,13,1,0,0,0,1,*9
672,Scott Schebler*\schebsc01,26,CIN,NL,12,45,39,6,8,2,0,3,7,0,0,5,7,.205,.311,.487,.798,113,19,1,1,0,0,0,*9
673,Max Scherzer\scherma01,32,WSN,NL,2,4,4,0,1,0,0,0,0,0,0,0,2,.250,.250,.250,.500,37,1,0,0,0,0,0,/1
674,Ryan Schimpf*\schimry01,29,SDP,NL,12,48,33,5,5,0,0,3,6,0,0,13,14,.152,.375,.424,.799,118,14,0,0,0,2,0,*5
675,Jonathan Schoop\schoojo01,25,BAL,AL,11,41,38,8,11,3,0,2,6,0,0,1,5,.289,.317,.526,.843,129,20,1,1,0,1,0,*4
676,Kyle Schwarber*\schwaky01,24,CHC,NL,12,56,45,6,11,3,0,2,6,0,0,10,19,.244,.393,.444,.837,132,20,2,1,0,0,1,*7/3
677,Robby Scott#\scottro02,27,BOS,AL,6,0,,,,,,,,,,,,,,,,,,,,,,,/1
678,Evan Scribner\scribev01,31,SEA,AL,4,0,,,,,,,,,,,,,,,,,,,,,,,/1
679,Corey Seager*\seageco01,23,LAD,NL,13,56,49,8,15,5,0,2,10,1,0,6,13,.306,.375,.531,.906,148,26,1,0,0,1,0,*6
680,Kyle Seager*\seageky01,29,SEA,AL,13,54,44,4,11,3,0,0,7,0,0,7,8,.250,.352,.318,.670,96,14,1,1,0,2,1,*5
681,Jean Segura\segurje01,27,SEA,AL,8,35,32,6,10,0,0,1,3,3,0,1,7,.313,.353,.406,.759,119,13,0,1,0,0,0,*/6
682,Steve Selsky\selskst01,27,BOS,AL,5,7,7,0,1,1,0,0,0,0,0,0,4,.143,.143,.286,.429,14,2,0,0,0,0,0,/D8
683,Marcus Semien\semiema01,26,OAK,AL,11,46,35,5,6,2,0,0,1,4,0,10,11,.171,.370,.229,.598,81,8,1,1,0,0,0,*6
684,Antonio Senzatela\senzaan01,22,COL,NL,3,7,4,0,0,0,0,0,0,0,0,0,4,.000,.000,.000,.000,-100,0,0,0,3,0,0,/1
685,Luis Severino\severlu01,23,NYY,AL,2,0,,,,,,,,,,,,,,,,,,,,,,,/1
686,Paul Sewald\sewalpa01,27,NYM,NL,2,0,0,0,0,0,0,0,0,0,0,0,0,,,,,,0,0,0,0,0,0,/1
687,Bryan Shaw#\shawbr01,29,CLE,AL,6,0,0,0,0,0,0,0,0,0,0,0,0,,,,,,0,0,0,0,0,0,/1
688,Travis Shaw*\shawtr01,27,MIL,NL,12,51,46,6,10,5,1,2,8,0,0,5,11,.217,.294,.500,.794,111,23,3,0,0,0,0,*5/3D
689,James Shields\shielja02,35,CHW,AL,3,0,,,,,,,,,,,,,,,,,,,,,,,/1
690,Matt Shoemaker\shoemma01,30,LAA,AL,3,0,,,,,,,,,,,,,,,,,,,,,,,/1
691,Chasen Shreve*\shrevch01,26,NYY,AL,3,0,,,,,,,,,,,,,,,,,,,,,,,/1
692,Kevin Siegrist*\siegrke01,27,STL,NL,5,0,0,0,0,0,0,0,0,0,0,0,0,,,,,,0,0,0,0,0,0,/1
693,Andrelton Simmons\simmoan01,27,LAA,AL,12,47,42,5,12,1,0,1,2,1,0,5,5,.286,.362,.381,.743,116,16,2,0,0,0,0,*6
694,Tony Sipp*\sippto01,33,HOU,AL,5,0,,,,,,,,,,,,,,,,,,,,,,,/1
695,Tyler Skaggs*\skaggty01,25,LAA,AL,3,0,,,,,,,,,,,,,,,,,,,,,,,/1
696,Joe Smith\smithjo05,33,TOR,AL,5,0,,,,,,,,,,,,,,,,,,,,,,,/1
697,Kevan Smith\smithke04,29,CHW,AL,2,7,7,0,0,0,0,0,0,0,0,0,1,.000,.000,.000,.000,-100,0,0,0,0,0,0,/2
698,Mallex Smith*\smithma05,24,TBR,AL,8,25,22,2,6,1,0,0,0,3,0,3,3,.273,.360,.318,.678,99,7,0,0,0,0,0,*/7
699,Seth Smith*\smithse01,34,BAL,AL,8,28,25,6,7,3,0,2,3,0,0,2,4,.280,.357,.640,.997,170,16,1,1,0,0,0,*/97
700,Justin Smoak#\smoakju01,30,TOR,AL,12,33,32,3,8,2,1,1,3,0,0,1,10,.250,.273,.469,.741,103,15,0,0,0,0,0,*3
701,Josh Smoker*\smokejo01,28,NYM,NL,6,0,0,0,0,0,0,0,0,0,0,0,0,,,,,,0,0,0,0,0,0,/1
702,Blake Snell*\snellbl01,24,TBR,AL,2,0,,,,,,,,,,,,,,,,,,,,,,,/1
703,Miguel Socolovich\socolmi01,30,STL,NL,5,0,0,0,0,0,0,0,0,0,0,0,0,,,,,,0,0,0,0,0,0,/1
704,Yangervis Solarte#\solarya01,29,SDP,NL,13,53,48,5,12,2,0,2,10,0,0,2,4,.250,.302,.417,.719,94,20,6,2,0,1,0,*4
705,Sammy Solis\solissa01,28,WSN,NL,5,0,0,0,0,0,0,0,0,0,0,0,0,,,,,,0,0,0,0,0,0,/1
706,Joakim Soria\soriajo01,33,KCR,AL,5,0,,,,,,,,,,,,,,,,,,,,,,,/1
707,Geovany Soto\sotoge01,34,CHW,AL,5,18,15,3,4,0,0,3,5,0,0,3,4,.267,.389,.867,1.256,251,13,1,0,0,0,0,/2
708,Steven Souza\souzast01,28,TBR,AL,13,55,46,8,14,4,0,2,8,0,0,9,12,.304,.418,.522,.940,171,24,1,0,0,0,0,*9
709,Denard Span*\spande01,33,SFG,NL,10,41,38,4,9,4,0,0,1,0,1,3,4,.237,.293,.342,.635,75,13,0,0,0,0,0,*/8
710,George Springer\springe01,27,HOU,AL,12,58,52,10,12,1,0,6,11,0,2,4,11,.231,.298,.596,.894,153,31,2,1,0,0,0,*9/8
711,Craig Stammen\stammcr01,33,SDP,NL,5,0,0,0,0,0,0,0,0,0,0,0,0,,,,,,0,0,0,0,0,0,/1
712,Giancarlo Stanton\stantmi03,27,MIA,NL,12,52,45,6,11,1,0,3,8,0,0,6,15,.244,.327,.467,.794,118,21,0,0,0,1,1,*9
713,Brock Stassi*\stassbr01,27,PHI,NL,10,19,16,2,2,0,0,1,1,0,0,3,5,.125,.263,.313,.576,57,5,1,0,0,0,0,/37
714,Robert Stephenson\stephro01,24,CIN,NL,3,1,1,0,0,0,0,0,0,0,0,0,1,.000,.000,.000,.000,-100,0,0,0,0,0,0,/1
715,Chris Stewart\stewach01,35,PIT,NL,2,6,6,0,2,1,0,0,0,0,0,0,1,.333,.333,.500,.833,124,3,0,0,0,0,0,/2
716,Drew Storen#\storedr01,29,CIN,NL,6,1,1,0,0,0,0,0,0,0,0,0,0,.000,.000,.000,.000,-100,0,0,0,0,0,0,/1
717,Trevor Story\storytr01,24,COL,NL,14,53,44,6,5,3,0,1,2,1,0,9,20,.114,.264,.250,.514,34,11,1,0,0,0,0,*6
718,Matt Strahm\strahma01,25,KCR,AL,3,0,,,,,,,,,,,,,,,,,,,,,,,/1
719,Dan Straily\straida01,28,MIA,NL,3,5,4,0,0,0,0,0,0,0,0,0,2,.000,.000,.000,.000,-100,0,0,0,1,0,0,/1
720,Stephen Strasburg\strasst01,28,WSN,NL,3,6,6,0,0,0,0,0,0,0,0,0,1,.000,.000,.000,.000,-100,0,0,0,0,0,0,/1
721,Hunter Strickland\strichu01,28,SFG,NL,6,0,0,0,0,0,0,0,0,0,0,0,0,,,,,,0,0,0,0,0,0,/1
722,Ross Stripling\stripro01,27,LAD,NL,5,1,1,0,0,0,0,0,0,0,0,0,0,.000,.000,.000,.000,-100,0,0,0,0,0,0,/1
723,Marcus Stroman\stromma01,26,TOR,AL,2,0,,,,,,,,,,,,,,,,,,,,,,,/1
724,Pedro Strop\stroppe01,32,CHC,NL,6,0,0,0,0,0,0,0,0,0,0,0,0,,,,,,0,0,0,0,0,0,/1
725,Eugenio Suarez\suareeu01,25,CIN,NL,13,50,44,11,16,4,1,3,10,1,0,5,8,.364,.440,.705,1.145,205,31,0,1,0,0,0,*5
726,Jesus Sucre\sucreje01,29,TBR,AL,5,13,12,1,3,0,0,1,4,0,0,1,2,.250,.308,.500,.808,130,6,0,0,0,0,0,/2
727,Brent Suter*\suterbr01,27,MIL,NL,3,0,0,0,0,0,0,0,0,0,0,0,0,,,,,,0,0,0,0,0,0,/1
728,Ichiro Suzuki*\suzukic01,43,MIA,NL,9,12,12,1,1,0,0,0,0,0,0,0,6,.083,.083,.083,.167,-53,1,0,0,0,0,0,/9
729,Kurt Suzuki\suzukku01,33,ATL,NL,5,17,12,0,1,0,0,0,1,0,0,2,1,.083,.294,.083,.377,12,1,1,2,0,1,2,/2
730,Dansby Swanson\swansda01,23,ATL,NL,11,50,48,1,7,1,0,1,2,0,1,2,11,.146,.180,.229,.409,11,11,1,0,0,0,0,*6
731,Anthony Swarzak\swarzan01,31,CHW,AL,3,0,,,,,,,,,,,,,,,,,,,,,,,/1
732,Noah Syndergaard*\syndeno01,24,NYM,NL,3,8,6,0,2,0,0,0,0,0,0,1,3,.333,.429,.333,.762,115,2,0,0,1,0,0,/1
733,Matt Szczur\szczuma01,27,CHC,NL,5,4,4,1,0,0,0,0,0,0,0,0,1,.000,.000,.000,.000,-100,0,0,0,0,0,0,/7
734,Jameson Taillon\taillja01,25,PIT,NL,3,4,4,0,0,0,0,0,0,0,0,0,1,.000,.000,.000,.000,-100,0,1,0,0,0,0,/1
735,Masahiro Tanaka\tanakma01,28,NYY,AL,3,0,,,,,,,,,,,,,,,,,,,,,,,/1
736,Raimel Tapia*\tapiara01,23,COL,NL,2,7,7,0,0,0,0,0,0,0,0,0,1,.000,.000,.000,.000,-100,0,0,0,0,0,0,/7
737,Ben Taylor\taylobe10,24,BOS,AL,3,0,,,,,,,,,,,,,,,,,,,,,,,/1
738,Michael Taylor\taylomi02,26,WSN,NL,3,4,4,0,0,0,0,0,0,0,0,0,1,.000,.000,.000,.000,-100,0,0,0,0,0,0,/8
739,Junichi Tazawa\tazawju01,31,MIA,NL,6,0,0,0,0,0,0,0,0,0,0,0,0,,,,,,0,0,0,0,0,0,/1
740,Julio Teheran\teherju01,26,ATL,NL,3,7,5,0,1,0,0,0,1,0,0,0,2,.200,.200,.200,.400,11,1,0,0,2,0,0,/1
741,Ryan Tepera\teperry01,29,TOR,AL,5,0,,,,,,,,,,,,,,,,,,,,,,,/1
742,Eric Thames*\thameer01,30,MIL,NL,11,44,38,12,14,3,0,6,11,0,0,5,11,.368,.455,.921,1.376,262,35,0,1,0,0,0,*/379
743,Trayce Thompson\thomptr01,26,LAD,NL,3,8,8,0,0,0,0,0,0,0,0,0,3,.000,.000,.000,.000,-100,0,0,0,0,0,0,/87
744,Andrew Toles*\tolesan01,25,LAD,NL,11,36,34,6,8,0,0,3,6,0,0,2,6,.235,.278,.500,.778,110,17,2,0,0,0,0,*/78
745,Yasmany Tomas\tomasya01,26,ARI,NL,11,42,40,5,12,4,1,1,5,0,0,2,14,.300,.333,.525,.858,124,21,0,0,0,0,0,*7
746,Josh Tomlin\tomlijo01,32,CLE,AL,2,2,2,0,0,0,0,0,0,0,0,0,2,.000,.000,.000,.000,-100,0,0,0,0,0,0,/1
747,Michael Tonkin\tonkimi01,27,MIN,AL,2,0,,,,,,,,,,,,,,,,,,,,,,,/1
748,Luis Torrens\torrelu01,21,SDP,NL,3,5,4,0,0,0,0,0,0,0,0,1,1,.000,.200,.000,.200,-38,0,0,0,0,0,0,/2
749,Carlos Torres\torreca01,34,MIL,NL,6,0,0,0,0,0,0,0,0,0,0,0,0,,,,,,0,0,0,0,0,0,/1
750,Jose Torres*\torrejo02,23,SDP,NL,7,0,0,0,0,0,0,0,0,0,0,0,0,,,,,,0,0,0,0,0,0,/1
751,Ronald Torreyes\torrero01,24,NYY,AL,12,40,40,4,10,2,1,1,10,0,0,0,4,.250,.250,.425,.675,85,17,1,0,0,0,0,*6/5
752,Devon Travis\travide01,26,TOR,AL,9,40,38,2,4,0,0,0,2,0,0,2,10,.105,.150,.105,.255,-27,4,1,0,0,0,0,*/4
753,Blake Treinen\treinbl01,29,WSN,NL,7,0,0,0,0,0,0,0,0,0,0,0,0,,,,,,0,0,0,0,0,0,/1
754,Andrew Triggs\triggan01,28,OAK,AL,2,0,,,,,,,,,,,,,,,,,,,,,,,/1
755,Mike Trout\troutmi01,25,LAA,AL,13,54,46,6,14,4,1,3,10,2,0,7,13,.304,.389,.630,1.019,190,29,1,0,0,1,2,*8/D
756,Mark Trumbo\trumbma01,31,BAL,AL,11,46,44,6,9,2,0,1,6,1,0,2,11,.205,.239,.318,.557,53,14,0,0,0,0,0,*/D9
757,Sam Tuivailala\tuivasa01,24,STL,NL,3,0,0,0,0,0,0,0,0,0,0,0,0,,,,,,0,0,0,0,0,0,/1
758,Troy Tulowitzki\tulowtr01,32,TOR,AL,12,47,44,3,11,4,0,1,10,0,0,2,6,.250,.277,.409,.686,89,18,2,0,0,1,1,*6
759,Justin Turner\turneju01,32,LAD,NL,12,49,43,5,16,7,0,0,5,1,0,3,3,.372,.449,.535,.984,173,23,2,3,0,0,0,*5
760,Stuart Turner\turnest01,25,CIN,NL,4,13,12,0,2,1,0,0,1,0,0,0,3,.167,.154,.250,.404,7,3,0,0,0,1,0,/2
761,Trea Turner\turnetr01,24,WSN,NL,5,19,19,0,3,1,0,0,0,3,0,0,7,.158,.158,.211,.368,-1,4,2,0,0,0,0,/6
762,Koji Uehara\ueharko01,42,CHC,NL,7,0,0,0,0,0,0,0,0,0,0,0,0,,,,,,0,0,0,0,0,0,/1
763,Justin Upton\uptonju01,29,DET,AL,11,40,33,7,8,2,0,2,6,1,1,6,12,.242,.375,.485,.860,145,16,2,1,0,0,0,*7
764,Jose Urena\urenajo01,25,MIA,NL,2,2,2,1,0,0,0,0,0,0,0,0,0,.000,.000,.000,.000,-100,0,0,0,0,0,0,/1
765,Chase Utley*\utleych01,38,LAD,NL,9,21,20,2,1,0,0,0,0,0,0,1,5,.050,.095,.050,.145,-58,1,0,0,0,0,0,/4
766,Danny Valencia\valenda01,32,SEA,AL,12,50,46,1,8,2,1,0,3,0,0,3,13,.174,.220,.261,.481,38,12,3,0,0,1,0,*3
767,Scott Van Slyke\vanslsc01,30,LAD,NL,12,18,15,3,2,1,0,0,1,1,0,3,6,.133,.278,.200,.478,37,3,0,0,0,0,1,/738
768,Jason Vargas*\vargaja01,34,KCR,AL,2,0,,,,,,,,,,,,,,,,,,,,,,,/1
769,Christian Vazquez\vazquch01,26,BOS,AL,4,14,12,2,8,3,1,0,3,1,0,0,1,.667,.714,1.083,1.798,383,13,0,2,0,0,0,/2
770,Vince Velasquez\velasvi01,25,PHI,NL,2,2,2,0,0,0,0,0,0,0,0,0,1,.000,.000,.000,.000,-100,0,0,0,0,0,0,/1
771,Justin Verlander\verlaju01,34,DET,AL,3,0,,,,,,,,,,,,,,,,,,,,,,,/1
772,Jonathan Villar#\villajo01,26,MIL,NL,13,55,50,5,8,2,0,3,8,4,1,5,21,.160,.236,.380,.616,65,19,0,0,0,0,0,*4
773,Nick Vincent\vinceni01,30,SEA,AL,5,0,,,,,,,,,,,,,,,,,,,,,,,/1
774,Arodys Vizcaino\vizcaar01,26,ATL,NL,6,0,0,0,0,0,0,0,0,0,0,0,0,,,,,,0,0,0,0,0,0,/1
775,Stephen Vogt*\vogtst01,32,OAK,AL,9,37,36,4,9,3,0,1,2,0,0,1,5,.250,.270,.417,.687,98,15,0,0,0,0,0,*/2
776,Edinson Volquez\volqued01,33,MIA,NL,3,5,4,0,2,0,0,0,0,0,0,0,1,.500,.500,.500,1.000,182,2,0,0,1,0,0,/1
777,Joey Votto*\vottojo01,33,CIN,NL,13,55,48,8,10,3,0,3,6,0,1,5,6,.208,.291,.458,.749,100,22,2,1,0,1,1,*3
778,Michael Wacha\wachami01,25,STL,NL,2,3,2,1,1,0,0,0,1,0,0,0,1,.500,.500,.500,1.000,178,1,0,0,1,0,0,/1
779,Adam Wainwright\wainwad01,35,STL,NL,4,4,4,1,1,0,0,0,0,0,0,0,0,.250,.250,.250,.500,39,1,0,0,0,0,0,/1
780,Neil Walker#\walkene01,31,NYM,NL,12,54,46,5,11,3,0,0,3,0,0,7,7,.239,.333,.304,.638,78,14,2,0,0,1,0,*4
781,Taijuan Walker\walketa01,24,ARI,NL,3,6,6,1,1,0,0,0,0,0,0,0,2,.167,.167,.167,.333,-10,1,0,0,0,0,0,/1
782,Adam Warren\warread01,29,NYY,AL,4,0,,,,,,,,,,,,,,,,,,,,,,,/1
783,Tony Watson*\watsoto01,32,PIT,NL,6,0,0,0,0,0,0,0,0,0,0,0,0,,,,,,0,0,0,0,0,0,/1
784,Jered Weaver\weaveje02,34,SDP,NL,2,3,3,0,0,0,0,0,0,0,0,0,2,.000,.000,.000,.000,-100,0,0,0,0,0,0,/1
785,Rickie Weeks\weeksri01,34,TBR,AL,7,19,17,2,3,1,0,1,2,0,0,2,10,.176,.263,.412,.675,92,7,0,0,0,0,0,/3D
786,Jayson Werth\werthja01,38,WSN,NL,11,44,40,6,12,0,0,3,7,0,0,4,14,.300,.364,.525,.889,138,21,0,0,0,0,1,*7
787,Zack Wheeler*\wheelza01,27,NYM,NL,2,4,3,1,0,0,0,0,0,0,0,1,1,.000,.250,.000,.250,-22,0,0,0,0,0,0,/1
788,Matt Wieters#\wietema01,31,WSN,NL,11,41,35,4,11,4,0,1,5,0,0,5,5,.314,.415,.514,.929,151,18,3,1,0,0,1,*2
789,Tom Wilhelmsen\wilheto01,33,ARI,NL,6,0,0,0,0,0,0,0,0,0,0,0,0,,,,,,0,0,0,0,0,0,/1
790,Trevor Williams\willitr01,25,PIT,NL,3,0,0,0,0,0,0,0,0,0,0,0,0,,,,,,0,0,0,0,0,0,/1
791,Alex Wilson\wilsoal01,30,DET,AL,6,0,,,,,,,,,,,,,,,,,,,,,,,/1
792,Justin Wilson*\wilsoju10,29,DET,AL,7,0,,,,,,,,,,,,,,,,,,,,,,,/1
793,Tyler Wilson\wilsoty01,27,BAL,AL,4,0,,,,,,,,,,,,,,,,,,,,,,,/1
794,Jesse Winker*\winkeje01,23,CIN,NL,2,2,2,0,1,1,0,0,2,0,0,0,1,.500,.500,1.000,1.500,294,2,0,0,0,0,0,
795,Nick Wittgren\wittgni01,26,MIA,NL,3,1,1,0,0,0,0,0,0,0,0,0,1,.000,.000,.000,.000,-100,0,0,0,0,0,0,/1
796,Tony Wolters*\wolteto01,25,COL,NL,9,28,26,6,7,1,0,0,0,0,0,2,5,.269,.321,.308,.629,63,8,2,0,0,0,1,*/2
797,Kolten Wong*\wongko01,26,STL,NL,10,31,27,0,4,2,0,0,3,0,0,4,3,.148,.258,.222,.480,35,6,0,0,0,0,1,*/4
798,Alex Wood\woodal02,26,LAD,NL,3,2,2,0,0,0,0,0,0,0,0,0,2,.000,.000,.000,.000,-100,0,0,0,0,0,0,/1
799,Blake Wood\woodbl01,31,CIN,NL,7,0,0,0,0,0,0,0,0,0,0,0,0,,,,,,0,0,0,0,0,0,/1
800,Travis Wood\woodtr01,30,KCR,AL,5,0,,,,,,,,,,,,,,,,,,,,,,,/1
801,Daniel Wright\wrighda04,26,LAA,AL,1,0,,,,,,,,,,,,,,,,,,,,,,,/1
802,Steven Wright\wrighst01,32,BOS,AL,2,0,,,,,,,,,,,,,,,,,,,,,,,/1
803,Christian Yelich*\yelicch01,25,MIA,NL,12,57,52,13,12,0,0,2,8,2,0,4,14,.231,.281,.346,.627,74,18,0,0,0,1,1,*8
804,Michael Ynoa\ynoami01,25,CHW,AL,3,0,,,,,,,,,,,,,,,,,,,,,,,/1
805,Chris Young\youngch03,38,KCR,AL,3,0,,,,,,,,,,,,,,,,,,,,,,,/1
806,Chris Young\youngch04,33,BOS,AL,11,43,38,8,11,2,0,0,1,0,0,5,7,.289,.372,.342,.714,97,13,1,0,0,0,0,*/79D
807,Brad Ziegler\zieglbr01,37,MIA,NL,7,0,0,0,0,0,0,0,0,0,0,0,0,,,,,,0,0,0,0,0,0,/1
808,Ryan Zimmerman\zimmery01,32,WSN,NL,12,45,42,7,14,4,0,3,6,1,0,2,11,.333,.378,.643,1.021,171,27,2,1,0,0,0,*3
809,Jordan Zimmermann\zimmejo02,31,DET,AL,2,0,,,,,,,,,,,,,,,,,,,,,,,/1
810,Ben Zobrist#\zobribe01,36,CHC,NL,11,48,38,7,7,0,0,2,4,0,0,9,9,.184,.354,.342,.696,95,13,3,1,0,0,0,*/974
811,Mike Zunino\zuninmi01,26,SEA,AL,10,35,34,1,7,2,0,0,1,0,0,1,13,.206,.229,.265,.493,42,9,0,0,0,0,0,*2
812,Tony Zych\zychto01,26,SEA,AL,1,0,,,,,,,,,,,,,,,,,,,,,,,/1
,LgAvg per 600 PA,,,,229,600,534,68,129,25,3,18,64,8,3,53,130,.241,.315,.399,.714,,213,13,6,3,4,3,

