Rk,Name,Age,Tm,Lg,W,L,W-L%,ERA,G,GS,GF,CG,SHO,SV,IP,H,R,ER,HR,BB,IBB,SO,HBP,BK,WP,BF,ERA+,FIP,WHIP,H9,HR9,BB9,SO9,SO/W
1,Fernando Abad*\abadfe01,31,BOS,AL,0,0,,4.50,2,0,0,0,0,0,2.0,3,1,1,0,1,0,0,0,0,0,9,114,4.44,2.000,13.5,0.0,4.5,0.0,0.00
2,Matt Albers\alberma01,34,WSN,NL,0,0,,0.00,2,0,1,0,0,0,3.0,2,0,0,0,0,0,2,0,0,0,10,,1.60,0.667,6.0,0.0,0.0,6.0,
3,Raul Alcantara\alcanra01,24,OAK,AL,0,1,.000,18.00,2,1,1,0,0,0,4.0,4,10,8,2,3,0,2,2,1,0,23,23,12.19,1.750,9.0,4.5,6.8,4.5,0.67
4,Scott Alexander*\alexasc02,27,KCR,AL,0,0,,0.00,1,0,0,0,0,0,2.1,0,0,0,0,0,0,0,0,0,0,7,,2.94,0.000,0.0,0.0,0.0,0.0,
5,Cody Allen\allenco01,28,CLE,AL,0,0,,1.93,5,0,4,0,0,2,4.2,5,1,1,0,0,0,11,0,0,0,19,222,-1.78,1.071,9.6,0.0,0.0,21.2,
6,Dan Altavilla\altavda01,24,SEA,AL,1,1,.500,5.40,6,0,1,0,0,0,5.0,9,3,3,0,2,1,8,0,0,1,26,80,0.94,2.200,16.2,0.0,3.6,14.4,4.00
7,Dario Alvarez*\alvarda01,28,TEX,AL,0,0,,0.00,3,0,0,0,0,0,1.1,2,2,0,1,1,0,3,0,0,0,8,,10.44,2.250,13.5,6.8,6.8,20.3,3.00
8,Jose Alvarez*\alvarjo02,28,LAA,AL,0,1,.000,3.00,5,0,1,0,0,0,3.0,2,1,1,1,1,1,4,0,0,0,12,144,5.60,1.000,6.0,3.0,3.0,12.0,4.00
9,Brett Anderson*\anderbr04,29,CHC,NL,1,0,1.000,0.84,2,2,0,0,0,0,10.2,8,1,1,0,5,0,6,0,0,1,45,483,3.22,1.219,6.8,0.0,4.2,5.1,1.20
10,Chase Anderson\anderch01,29,MIL,NL,1,0,1.000,0.69,2,2,0,0,0,0,13.0,6,1,1,1,4,1,11,0,0,0,48,596,3.17,0.769,4.2,0.7,2.8,7.6,2.75
11,Tyler Anderson*\anderty01,27,COL,NL,1,2,.333,8.59,3,3,0,0,0,0,14.2,18,14,14,4,6,0,12,0,2,1,66,55,6.07,1.636,11.0,2.5,3.7,7.4,2.00
12,Matt Andriese\andrima01,27,TBR,AL,0,0,,4.50,2,2,0,0,0,0,10.0,12,6,5,2,4,0,9,0,0,2,46,88,4.94,1.600,10.8,1.8,3.6,8.1,2.25
13,Chris Archer\archech01,28,TBR,AL,2,0,1.000,2.21,3,3,0,0,0,0,20.1,18,5,5,0,6,0,18,0,0,0,83,175,2.05,1.180,8.0,0.0,2.7,8.0,3.00
14,Shawn Armstrong\armstsh01,26,CLE,AL,1,0,1.000,8.44,4,0,2,0,0,0,5.1,6,5,5,0,5,0,7,0,0,0,27,50,3.12,2.063,10.1,0.0,8.4,11.8,1.40
15,Jake Arrieta\arrieja01,31,CHC,NL,2,0,1.000,2.89,3,3,0,0,0,0,18.2,12,7,6,3,5,0,21,1,0,3,73,139,3.74,0.911,5.8,1.4,2.4,10.1,4.20
16,Bronson Arroyo\arroybr01,40,CIN,NL,0,2,.000,9.90,2,2,0,0,0,0,10.0,13,11,11,4,3,0,5,0,0,0,46,42,8.04,1.600,11.7,3.6,2.7,4.5,1.67
17,Alec Asher\asheral01,25,BAL,AL,0,0,,1.42,1,1,0,0,0,0,6.1,3,1,1,0,1,0,5,1,0,1,23,309,2.31,0.632,4.3,0.0,1.4,7.1,5.00
18,Barrett Astin\astinba01,25,CIN,NL,0,0,,0.00,2,0,1,0,0,0,2.1,2,0,0,0,1,0,1,1,0,0,10,,4.65,1.286,7.7,0.0,3.9,3.9,1.00
19,Luis Avilan*\avilalu01,27,LAD,NL,0,0,,0.00,5,0,0,0,0,0,4.1,2,0,0,0,1,0,6,0,0,0,16,,0.86,0.692,4.2,0.0,2.1,12.5,6.00
20,Pedro Baez\baezpe01,29,LAD,NL,0,0,,0.00,1,0,1,0,0,0,0.2,0,0,0,0,1,0,1,0,0,0,3,,4.44,1.500,0.0,0.0,13.5,13.5,1.00
21,Andrew Bailey\bailean01,33,LAA,AL,2,0,1.000,0.00,3,0,1,0,0,0,3.0,0,0,0,0,0,0,2,0,0,0,9,,1.60,0.000,0.0,0.0,0.0,6.0,
22,Jacob Barnes\barneja01,27,MIL,NL,0,0,,0.00,6,0,0,0,0,0,6.1,2,0,0,0,3,0,4,0,0,0,23,,3.09,0.789,2.8,0.0,4.3,5.7,1.33
23,Matt Barnes\barnema01,27,BOS,AL,2,0,1.000,0.00,6,0,0,0,0,0,6.2,2,0,0,0,4,0,8,0,0,1,24,,2.34,0.900,2.7,0.0,5.4,10.8,2.00
24,Tony Barnette\barneto01,33,TEX,AL,0,0,,2.25,4,0,0,0,0,0,4.0,4,2,1,0,0,0,2,0,0,1,17,207,1.94,1.000,9.0,0.0,0.0,4.5,
25,Kyle Barraclough\barraky01,27,MIA,NL,0,0,,1.50,6,0,0,0,0,0,6.0,5,1,1,1,3,0,9,0,0,3,27,282,3.60,1.333,7.5,1.5,4.5,13.5,3.00
26,Antonio Bastardo*\bastaan01,31,PIT,NL,0,1,.000,20.25,4,0,2,0,0,0,4.0,8,9,9,3,5,0,3,0,0,0,25,22,14.94,3.250,18.0,6.8,11.3,6.8,0.60
27,Trevor Bauer\bauertr01,26,CLE,AL,0,2,.000,8.44,2,2,0,0,0,0,10.2,15,10,10,3,2,0,13,0,0,0,48,49,4.72,1.594,12.7,2.5,1.7,11.0,6.50
28,Cam Bedrosian\bedroca01,25,LAA,AL,1,0,1.000,0.00,3,0,3,0,0,2,3.2,2,0,0,0,0,0,5,0,0,0,12,,0.21,0.545,4.9,0.0,0.0,12.3,
29,Matt Belisle\belisma01,37,MIN,AL,0,0,,2.08,5,0,0,0,0,0,4.1,3,1,1,0,3,0,6,0,0,2,19,209,2.24,1.385,6.2,0.0,6.2,12.5,2.00
30,Joaquin Benoit\benoijo01,39,PHI,NL,0,0,,0.00,5,0,2,0,0,1,5.0,1,0,0,0,2,0,6,0,0,0,17,,1.74,0.600,1.8,0.0,3.6,10.8,3.00
31,Dellin Betances\betande01,29,NYY,AL,1,1,.500,2.08,5,0,0,0,0,0,4.1,3,1,1,0,3,0,8,0,0,0,18,209,1.32,1.385,6.2,0.0,6.2,16.6,2.67
32,Christian Bethancourt\bethach01,25,SDP,NL,0,0,,32.40,2,0,0,0,0,0,1.2,3,7,6,1,6,0,0,0,0,2,14,15,21.54,5.400,16.2,5.4,32.4,0.0,0.00
33,Joe Biagini\biagijo01,27,TOR,AL,0,0,,1.04,6,0,0,0,0,0,8.2,5,1,1,0,3,0,5,0,0,0,32,402,2.82,0.923,5.2,0.0,3.1,5.2,1.67
34,Ty Blach*\blachty01,26,SFG,NL,0,0,,6.75,5,0,3,0,0,0,4.0,3,3,3,0,2,0,1,0,0,0,16,63,3.94,1.250,6.8,0.0,4.5,2.3,0.50
35,Joe Blanton\blantjo01,36,WSN,NL,0,2,.000,6.43,6,0,2,0,0,0,7.0,7,5,5,3,0,0,7,1,0,0,28,65,6.94,1.000,9.0,3.9,0.0,9.0,
36,Jerry Blevins*\blevije01,33,NYM,NL,1,0,1.000,0.00,8,0,1,0,0,0,4.2,1,0,0,0,3,1,7,0,0,0,16,,1.87,0.857,1.9,0.0,5.8,13.5,2.33
37,Matthew Bowman\bowmama01,26,STL,NL,0,0,,0.00,6,0,0,0,0,0,5.0,2,0,0,0,0,0,4,0,0,0,17,,1.34,0.400,3.6,0.0,0.0,7.2,
38,Matt Boyd*\boydma01,26,DET,AL,1,1,.500,5.40,2,2,0,0,0,0,8.1,6,5,5,1,6,0,8,0,0,0,38,76,4.74,1.440,6.5,1.1,6.5,8.6,1.33
39,Brad Brach\brachbr01,31,BAL,AL,0,0,,0.00,6,0,0,0,0,0,6.0,1,0,0,0,3,0,10,0,0,1,21,,1.10,0.667,1.5,0.0,4.5,15.0,3.33
40,Archie Bradley\bradlar01,24,ARI,NL,0,0,,0.00,3,0,1,0,0,0,6.2,4,0,0,0,2,0,10,0,1,0,26,,0.84,0.900,5.4,0.0,2.7,13.5,5.00
41,Craig Breslow*\breslcr01,36,MIN,AL,0,0,,0.00,3,0,1,0,0,0,1.2,1,0,0,0,1,0,2,0,0,0,7,,2.34,1.200,5.4,0.0,5.4,10.8,2.00
42,Zach Britton*\brittza01,29,BAL,AL,0,0,,1.29,6,0,5,0,0,5,7.0,10,1,1,0,3,0,6,0,0,1,32,340,2.51,1.857,12.9,0.0,3.9,7.7,2.00
43,Jonathan Broxton\broxtjo01,33,STL,NL,0,0,,12.27,4,0,3,0,0,0,3.2,5,5,5,1,4,1,4,0,0,1,20,35,7.57,2.455,12.3,2.5,9.8,9.8,1.00
44,Clay Buchholz\buchhcl01,32,PHI,NL,0,1,.000,12.27,2,2,0,0,0,0,7.1,16,10,10,1,3,0,5,0,0,0,40,34,4.57,2.591,19.6,1.2,3.7,6.1,1.67
45,Ryan Buchter*\buchtry01,30,SDP,NL,0,0,,3.86,5,0,2,0,0,1,4.2,4,2,2,1,2,0,7,0,0,0,20,111,4.01,1.286,7.7,1.9,3.9,13.5,3.50
46,Madison Bumgarner*\bumgama01,27,SFG,NL,0,2,.000,3.43,3,3,0,1,0,0,21.0,18,8,8,2,3,0,24,1,0,0,86,116,2.46,1.000,7.7,0.9,1.3,10.3,8.00
47,Dylan Bundy\bundydy01,24,BAL,AL,1,1,.500,2.70,2,2,0,0,0,0,13.1,11,4,4,0,2,0,11,0,0,0,50,158,1.74,0.975,7.4,0.0,1.4,7.4,5.50
48,Matt Bush\bushma01,31,TEX,AL,0,0,,4.91,3,0,0,0,0,0,3.2,3,2,2,1,1,0,5,1,0,1,16,96,5.39,1.091,7.4,2.5,2.5,12.3,5.00
49,Trevor Cahill\cahiltr01,29,SDP,NL,0,1,.000,3.18,1,1,0,0,0,0,5.2,5,3,2,1,3,0,7,1,0,0,26,134,4.88,1.412,7.9,1.6,4.8,11.1,2.33
50,Matt Cain\cainma01,32,SFG,NL,1,0,1.000,4.82,2,2,0,0,0,0,9.1,11,5,5,2,6,0,9,0,0,1,47,84,5.72,1.821,10.6,1.9,5.8,8.7,1.50
51,Shane Carle\carlesh01,25,COL,NL,0,0,,0.00,1,0,1,0,0,0,1.0,0,0,0,0,0,0,1,0,0,1,4,,0.94,0.000,0.0,0.0,0.0,9.0,
52,Carlos Carrasco\carraca01,30,CLE,AL,1,0,1.000,2.13,2,2,0,0,0,0,12.2,8,3,3,2,1,0,14,1,0,0,46,191,3.25,0.711,5.7,1.4,0.7,9.9,14.00
53,Andrew Cashner\cashnan01,30,TEX,AL,0,1,.000,5.06,1,1,0,0,0,0,5.1,5,4,3,0,3,0,2,0,0,0,23,90,3.87,1.500,8.4,0.0,5.1,3.4,0.67
54,Santiago Casilla\garcija01,36,OAK,AL,0,1,.000,3.60,5,0,1,0,0,1,5.0,0,2,2,0,3,0,6,0,0,0,18,113,2.34,0.600,0.0,0.0,5.4,10.8,2.00
55,Brett Cecil*\cecilbr01,30,STL,NL,0,1,.000,11.25,6,0,0,0,0,0,4.0,7,5,5,1,2,0,5,0,0,1,22,38,5.19,2.250,15.8,2.3,4.5,11.3,2.50
56,Xavier Cedeno*\cedenxa01,30,TBR,AL,1,1,.500,5.40,6,0,0,0,0,0,1.2,3,2,1,1,4,1,0,0,0,0,13,87,17.94,4.200,16.2,5.4,21.6,0.0,0.00
57,Jhoulys Chacin\chacijh01,29,SDP,NL,1,2,.333,7.80,3,3,0,0,0,0,15.0,19,13,13,2,7,2,10,1,0,0,70,52,4.94,1.733,11.4,1.2,4.2,6.0,1.43
58,Andrew Chafin*\chafian01,27,ARI,NL,0,0,,2.25,7,0,2,0,0,0,4.0,3,2,1,1,2,0,3,0,0,1,17,206,6.19,1.250,6.8,2.3,4.5,6.8,1.50
59,Aroldis Chapman*\chapmar01,29,NYY,AL,0,0,,0.00,5,0,5,0,0,3,4.2,2,0,0,0,1,0,8,0,0,0,17,,0.15,0.643,3.9,0.0,1.9,15.4,8.00
60,Tyler Chatwood\chatwty01,27,COL,NL,1,2,.333,3.54,3,3,0,1,0,0,20.1,16,8,8,4,5,0,16,0,1,1,77,132,4.66,1.033,7.1,1.8,2.2,7.1,3.20
61,Jesse Chavez\chaveje01,33,LAA,AL,1,1,.500,5.40,2,2,0,0,0,0,10.0,9,6,6,2,3,0,9,0,0,0,41,73,4.64,1.200,8.1,1.8,2.7,8.1,3.00
62,Wei-Yin Chen*\chenwe02,31,MIA,NL,1,0,1.000,7.00,2,2,0,0,0,0,9.0,14,7,7,2,1,0,8,0,0,0,41,59,4.38,1.667,14.0,2.0,1.0,8.0,8.00
63,Tony Cingrani*\cingrto01,27,CIN,NL,0,0,,2.45,4,0,1,0,0,0,3.2,3,1,1,1,1,0,5,0,0,0,15,182,4.57,1.091,7.4,2.5,2.5,12.3,5.00
64,Alex Claudio*\claudal01,25,TEX,AL,1,0,1.000,0.00,4,0,2,0,0,0,4.1,2,0,0,0,1,0,0,0,0,0,14,,3.63,0.692,4.2,0.0,2.1,0.0,0.00
65,Tyler Clippard\clippty01,32,NYY,AL,0,1,.000,3.00,7,0,1,0,0,1,6.0,3,3,2,2,1,0,9,0,0,0,23,142,4.77,0.667,4.5,3.0,1.5,13.5,9.00
66,Alex Cobb\cobbal01,29,TBR,AL,1,1,.500,3.46,2,2,0,0,0,0,13.0,10,6,5,3,2,0,11,0,0,1,52,113,4.71,0.923,6.9,2.1,1.4,7.6,5.50
67,Gerrit Cole\colege01,26,PIT,NL,1,1,.500,5.29,3,3,0,0,0,0,17.0,21,10,10,3,4,0,11,0,0,0,75,77,4.64,1.471,11.1,1.6,2.1,5.8,2.75
68,Josh Collmenter\collmjo01,31,ATL,NL,0,0,,9.00,1,0,0,0,0,0,2.0,3,2,2,2,0,0,1,0,0,0,10,53,14.94,1.500,13.5,9.0,0.0,4.5,
69,Alex Colome\colomal01,28,TBR,AL,0,0,,0.00,5,0,4,0,0,3,5.0,2,0,0,0,0,0,3,0,0,0,16,,1.74,0.400,3.6,0.0,0.0,5.4,
70,Bartolo Colon\colonba01,44,ATL,NL,0,1,.000,6.30,2,2,0,0,0,0,10.0,9,7,7,2,3,0,8,0,0,0,41,65,4.84,1.200,8.1,1.8,2.7,7.2,2.67
71,Adam Conley*\conlead01,27,MIA,NL,1,1,.500,3.75,3,2,1,0,0,0,12.0,7,5,5,2,5,0,9,0,0,0,48,109,4.85,1.000,5.3,1.5,3.8,6.8,1.80
72,Patrick Corbin*\corbipa01,27,ARI,NL,1,2,.333,2.81,3,3,0,0,0,0,16.0,20,8,5,1,7,1,7,1,0,0,77,154,4.37,1.688,11.3,0.6,3.9,3.9,1.00
73,Jarred Cosart\cosarja01,27,SDP,NL,0,0,,3.86,2,1,0,0,0,0,4.2,6,2,2,0,4,0,2,0,0,0,21,111,4.65,2.143,11.6,0.0,7.7,3.9,0.50
74,Jharel Cotton\cottojh01,25,OAK,AL,1,1,.500,3.97,2,2,0,0,0,0,11.1,10,5,5,0,5,0,10,0,0,2,47,98,2.50,1.324,7.9,0.0,4.0,7.9,2.00
75,Daniel Coulombe*\couloda01,27,OAK,AL,0,0,,4.15,4,0,2,0,0,0,4.1,7,2,2,1,2,0,2,0,0,0,23,99,6.40,2.077,14.5,2.1,4.2,4.2,1.00
76,Dylan Covey\coveydy01,25,CHW,AL,0,0,,1.69,1,1,0,0,0,0,5.1,5,1,1,0,3,0,1,0,0,0,22,244,4.25,1.500,8.4,0.0,5.1,1.7,0.33
77,Johnny Cueto\cuetojo01,31,SFG,NL,3,0,1.000,3.79,3,3,0,0,0,0,19.0,17,8,8,3,6,0,18,1,0,0,80,105,4.20,1.211,8.1,1.4,2.8,8.5,3.00
78,William Cuevas\cuevawi01,26,DET,AL,0,0,,108.00,1,0,0,0,0,0,0.1,3,4,4,0,0,0,1,1,0,0,5,8,5.94,9.000,81.0,0.0,0.0,27.0,
79,Yu Darvish\darviyu01,30,TEX,AL,1,1,.500,2.33,3,3,0,0,0,0,19.1,13,5,5,1,10,0,19,0,0,3,78,187,3.20,1.190,6.1,0.5,4.7,8.8,1.90
80,Zach Davies\davieza02,24,MIL,NL,0,2,.000,8.79,3,3,0,0,0,0,14.1,21,14,14,2,8,1,11,0,0,0,71,47,4.89,2.023,13.2,1.3,5.0,6.9,1.38
81,Rookie Davis\davisro03,24,CIN,NL,0,0,,6.43,2,2,0,0,0,0,7.0,7,5,5,2,6,0,7,0,0,2,34,66,7.22,1.857,9.0,2.6,7.7,9.0,1.17
82,Wade Davis\daviswa01,31,CHC,NL,1,0,1.000,0.00,6,0,6,0,0,2,5.1,3,0,0,0,1,0,6,0,0,0,21,,1.25,0.750,5.1,0.0,1.7,10.1,6.00
83,Grant Dayton*\daytogr01,29,LAD,NL,0,0,,0.00,5,0,1,0,0,0,4.2,2,0,0,0,2,1,4,0,0,0,18,,2.51,0.857,3.9,0.0,3.9,7.7,2.00
84,Chase De Jong\dejonch01,23,SEA,AL,0,1,.000,40.50,1,0,1,0,0,0,0.2,2,3,3,1,1,0,0,0,0,0,5,16,26.94,4.500,27.0,13.5,13.5,0.0,0.00
85,Jorge De La Rosa*\rosajo01,36,ARI,NL,1,0,1.000,3.60,6,0,1,0,0,0,5.0,5,2,2,0,2,0,6,1,0,0,21,127,2.34,1.400,9.0,0.0,3.6,10.8,3.00
86,Jacob deGrom\degroja01,29,NYM,NL,0,0,,1.89,3,3,0,0,0,0,19.0,12,4,4,2,4,0,22,0,0,0,72,210,2.62,0.842,5.7,0.9,1.9,10.4,5.50
87,Randall Delgado\delgara01,27,ARI,NL,0,0,,8.22,5,0,1,0,0,0,7.2,11,8,7,2,2,0,4,0,0,0,38,54,6.07,1.696,12.9,2.3,2.3,4.7,2.00
88,Chris Devenski\devench02,26,HOU,AL,1,0,1.000,1.00,3,0,1,0,0,0,9.0,4,1,1,1,1,0,17,0,0,0,32,392,0.94,0.556,4.0,1.0,1.0,17.0,17.00
89,Edwin Diaz\diazed04,23,SEA,AL,0,1,.000,5.79,4,0,3,0,0,2,4.2,5,3,3,0,3,0,7,0,0,2,22,75,1.87,1.714,9.6,0.0,5.8,13.5,2.33
90,Jumbo Diaz\diazju03,33,TBR,AL,0,1,.000,2.84,7,0,1,0,0,0,6.1,4,3,2,0,2,0,5,0,0,2,25,142,2.31,0.947,5.7,0.0,2.8,7.1,2.50
91,Miguel Diaz\diazmi02,22,SDP,NL,1,1,.500,2.08,5,0,0,0,0,0,4.1,1,1,1,1,1,0,3,0,0,1,15,208,5.24,0.462,2.1,2.1,2.1,6.2,3.00
92,R.A. Dickey\dicker.01,42,ATL,NL,1,1,.500,3.86,2,2,0,0,0,0,11.2,16,8,5,2,5,1,10,1,0,1,57,106,4.99,1.800,12.3,1.5,3.9,7.7,2.00
93,Sean Doolittle*\doolise01,30,OAK,AL,0,0,,5.40,4,0,2,0,0,1,3.1,4,2,2,1,1,0,7,0,0,1,15,78,3.54,1.500,10.8,2.7,2.7,18.9,7.00
94,Oliver Drake\drakeol01,30,TOT,MLB,0,0,,5.06,4,0,2,0,0,0,5.1,8,4,3,0,3,0,7,0,0,1,26,92,2.00,2.063,13.5,0.0,5.1,11.8,2.33
95,Oliver Drake\drakeol01,30,BAL,AL,0,0,,8.10,3,0,1,0,0,0,3.1,6,3,3,0,3,0,3,0,0,1,18,57,3.84,2.700,16.2,0.0,8.1,8.1,1.00
96,Oliver Drake\drakeol01,30,MIL,NL,0,0,,0.00,1,0,1,0,0,0,2.0,2,1,0,0,0,0,4,0,0,0,8,,-1.06,1.000,9.0,0.0,0.0,18.0,
97,Brian Duensing*\duensbr01,34,CHC,NL,0,0,,13.50,2,0,0,0,0,0,2.0,3,3,3,1,0,0,1,0,0,0,9,35,8.44,1.500,13.5,4.5,0.0,4.5,
98,Tyler Duffey\duffety01,26,MIN,AL,0,0,,0.00,3,0,0,0,0,0,6.0,4,0,0,0,1,0,3,0,0,0,23,,2.44,0.833,6.0,0.0,1.5,4.5,3.00
99,Danny Duffy*\duffyda01,28,KCR,AL,2,0,1.000,1.80,3,3,0,0,0,0,20.0,14,4,4,2,7,0,17,1,0,0,77,224,3.74,1.050,6.3,0.9,3.2,7.7,2.43
100,Ryan Dull\dullry01,27,OAK,AL,0,1,.000,5.40,5,0,1,0,0,0,5.0,4,6,3,1,2,0,7,0,0,0,21,75,3.94,1.200,7.2,1.8,3.6,12.6,3.50
101,Mike Dunn*\dunnmi01,32,COL,NL,2,0,1.000,0.00,6,0,0,0,0,0,5.1,1,0,0,0,2,0,8,0,0,0,18,,1.06,0.563,1.7,0.0,3.4,13.5,4.00
102,Sam Dyson\dysonsa01,29,TEX,AL,0,2,.000,24.75,5,0,2,0,0,0,4.0,11,11,11,2,3,0,2,0,0,0,25,19,10.69,3.500,24.8,4.5,6.8,4.5,0.67
103,Josh Edgin*\edginjo01,30,NYM,NL,0,1,.000,4.50,5,0,2,0,0,0,6.0,7,3,3,0,3,1,3,1,0,0,27,92,3.94,1.667,10.5,0.0,4.5,4.5,1.00
104,Carl Edwards\edwarca01,25,CHC,NL,0,0,,0.00,5,0,0,0,0,0,4.2,1,0,0,0,3,0,4,0,0,1,17,,3.15,0.857,1.9,0.0,5.8,7.7,1.33
105,Jerad Eickhoff\eickhje01,26,PHI,NL,0,1,.000,1.98,2,2,0,0,0,0,13.2,8,4,3,2,5,1,13,0,0,0,52,207,4.03,0.951,5.3,1.3,3.3,8.6,2.60
106,Jake Esch\eschja01,27,SDP,NL,0,0,,,1,0,0,0,0,0,0.0,0,0,0,0,2,0,0,0,0,0,2,,,,,,,,0.00
107,Carlos Estevez\estevca01,24,COL,NL,1,0,1.000,5.06,6,0,0,0,0,0,5.1,7,3,3,0,1,0,5,0,1,0,22,97,1.62,1.500,11.8,0.0,1.7,8.4,5.00
108,Marco Estrada\estrama01,33,TOR,AL,0,1,.000,3.50,3,3,0,0,0,0,18.0,16,7,7,3,7,0,17,1,0,1,76,117,4.55,1.278,8.0,1.5,3.5,8.5,2.43
109,Danny Farquhar\farquda01,30,TBR,AL,0,0,,1.59,5,0,3,0,0,0,5.2,4,1,1,1,3,1,4,1,0,1,24,256,5.94,1.235,6.4,1.6,4.8,6.4,1.33
110,Scott Feldman\feldmsc01,34,CIN,NL,1,1,.500,2.87,3,3,0,0,0,0,15.2,15,5,5,2,8,0,15,0,0,0,66,144,4.21,1.468,8.6,1.1,4.6,8.6,1.88
111,Michael Feliz\felizmi01,24,HOU,AL,0,0,,3.38,4,0,1,0,0,0,5.1,5,2,2,1,0,0,3,0,0,0,21,120,4.25,0.938,8.4,1.7,0.0,5.1,
112,Neftali Feliz\felizne01,29,MIL,NL,0,1,.000,2.45,5,0,4,0,0,3,3.2,1,1,1,1,1,0,4,0,0,0,12,180,5.12,0.545,2.5,2.5,2.5,9.8,4.00
113,Josh Fields\fieldjo03,31,LAD,NL,0,0,,0.00,4,0,1,0,0,0,3.0,1,0,0,0,1,0,6,0,0,0,11,,-0.06,0.667,3.0,0.0,3.0,18.0,6.00
114,Casey Fien\fienca01,33,SEA,AL,0,0,,11.12,5,0,2,0,0,0,5.2,7,7,7,2,3,0,5,0,0,0,25,39,7.35,1.765,11.1,3.2,4.8,7.9,1.67
115,Mike Fiers\fiersmi01,32,HOU,AL,0,1,.000,5.40,2,2,0,0,0,0,10.0,11,7,6,3,4,0,8,0,0,0,46,72,6.44,1.500,9.9,2.7,3.6,7.2,2.00
116,Brandon Finnegan*\finnebr01,24,CIN,NL,1,0,1.000,2.70,3,3,0,0,0,0,10.0,6,3,3,0,9,0,14,0,0,1,44,156,2.84,1.500,5.4,0.0,8.1,12.6,1.56
117,Mike Foltynewicz\foltymi01,25,ATL,NL,0,1,.000,6.35,2,1,0,0,0,0,5.2,9,4,4,1,3,0,5,1,0,0,30,67,5.58,2.118,14.3,1.6,4.8,7.9,1.67
118,Kyle Freeland*\freelky01,24,COL,NL,1,1,.500,5.91,2,2,0,0,0,0,10.2,12,7,7,1,5,1,8,0,0,0,47,80,4.06,1.594,10.1,0.8,4.2,6.8,1.60
119,Michael Fulmer\fulmemi01,24,DET,AL,1,0,1.000,2.25,2,2,0,0,0,0,12.0,8,3,3,1,3,0,11,2,0,0,47,180,3.44,0.917,6.0,0.8,2.3,8.3,3.67
120,Yovani Gallardo\gallayo01,31,SEA,AL,0,1,.000,6.30,2,2,0,0,0,0,10.0,15,7,7,1,6,1,6,0,0,0,49,66,4.84,2.100,13.5,0.9,5.4,5.4,1.00
121,Jaime Garcia*\garcija02,30,ATL,NL,0,1,.000,5.73,2,2,0,0,0,0,11.0,13,8,7,3,4,0,4,0,0,1,50,72,6.85,1.545,10.6,2.5,3.3,3.3,1.00
122,Jarlin Garcia*\garcija04,24,MIA,NL,0,0,,0.00,1,0,0,0,0,0,1.0,0,0,0,0,1,0,1,0,0,0,4,,3.94,1.000,0.0,0.0,9.0,9.0,1.00
123,Luis Garcia\garcilu03,30,PHI,NL,0,0,,0.00,1,0,0,0,0,0,1.0,0,0,0,0,0,0,1,0,0,0,3,,0.94,0.000,0.0,0.0,0.0,9.0,
124,Amir Garrett*\garream01,25,CIN,NL,2,0,1.000,1.42,2,2,0,0,0,0,12.2,7,2,2,1,2,0,9,1,0,0,46,294,3.25,0.711,5.0,0.7,1.4,6.4,4.50
125,Kevin Gausman\gausmke01,26,BAL,AL,1,0,1.000,3.94,3,3,0,0,0,0,16.0,18,7,7,0,9,0,11,0,1,0,73,108,3.25,1.688,10.1,0.0,5.1,6.2,1.22
126,Cory Gearrin\gearrco01,31,SFG,NL,0,0,,0.00,5,0,1,0,0,0,4.0,2,0,0,0,3,0,4,0,0,0,15,,3.19,1.250,4.5,0.0,6.8,9.0,1.33
127,Kyle Gibson\gibsoky01,29,MIN,AL,0,1,.000,8.00,2,2,0,0,0,0,9.0,9,8,8,3,3,0,7,1,0,0,39,52,7.05,1.333,9.0,3.0,3.0,7.0,2.33
128,Ken Giles\gileske01,26,HOU,AL,0,1,.000,9.00,5,0,4,0,0,2,5.0,5,5,5,0,4,0,9,1,0,1,25,45,2.34,1.800,9.0,0.0,7.2,16.2,2.25
129,Mychal Givens\givenmy01,27,BAL,AL,2,0,1.000,1.59,4,0,0,0,0,0,5.2,6,1,1,1,1,0,5,1,0,0,25,278,4.53,1.235,9.5,1.6,1.6,7.9,5.00
130,Tyler Glasnow\glasnty01,23,PIT,NL,0,1,.000,12.15,2,2,0,0,0,0,6.2,10,11,9,1,7,0,8,1,0,0,40,35,6.09,2.550,13.5,1.4,9.5,10.8,1.14
131,Koda Glover\gloveko01,24,WSN,NL,0,1,.000,3.60,6,0,1,0,0,0,5.0,4,2,2,0,1,0,2,0,0,0,20,119,2.74,1.000,7.2,0.0,1.8,3.6,2.00
132,David Goforth\goforda01,28,MIL,NL,0,0,,0.00,1,0,1,0,0,0,1.0,0,0,0,0,1,0,0,0,0,0,4,,5.94,1.000,0.0,0.0,9.0,0.0,0.00
133,Jeanmar Gomez\gomezje01,29,PHI,NL,1,1,.500,11.81,5,0,5,0,0,1,5.1,8,7,7,3,2,0,5,0,0,0,26,36,9.50,1.875,13.5,5.1,3.4,8.4,2.50
134,Gio Gonzalez*\gonzagi01,31,WSN,NL,1,0,1.000,0.69,2,2,0,0,0,0,13.0,13,2,1,1,2,1,13,1,0,0,53,590,2.63,1.154,9.0,0.7,1.4,9.0,6.50
135,Miguel Gonzalez\gonzami03,33,CHW,AL,1,0,1.000,4.22,2,2,0,0,0,0,10.2,15,5,5,2,6,0,11,0,0,0,52,94,5.00,1.969,12.7,1.7,5.1,9.3,1.83
136,Nick Goody\goodyni01,25,CLE,AL,0,0,,0.00,1,0,0,0,0,0,2.0,1,0,0,0,0,0,2,0,0,0,6,,0.94,0.500,4.5,0.0,0.0,9.0,
137,Kendall Graveman\graveke01,26,OAK,AL,2,0,1.000,2.00,3,3,0,0,0,0,18.0,13,4,4,3,5,0,12,1,0,1,70,192,4.77,1.000,6.5,1.5,2.5,6.0,2.40
138,Jon Gray\grayjo02,25,COL,NL,0,0,,4.38,3,3,0,0,0,0,12.1,11,6,6,1,7,0,9,0,0,1,53,108,4.23,1.459,8.0,0.7,5.1,6.6,1.29
139,Shane Greene\greensh02,28,DET,AL,0,0,,2.08,5,0,0,0,0,0,4.1,4,1,1,0,3,0,3,2,0,1,21,205,5.01,1.615,8.3,0.0,6.2,6.2,1.00
140,Luke Gregerson\gregelu01,33,HOU,AL,0,1,.000,8.53,7,0,1,0,0,0,6.1,8,6,6,2,3,0,5,0,0,1,30,47,6.88,1.737,11.4,2.8,4.3,7.1,1.67
141,Zack Greinke\greinza01,33,ARI,NL,1,1,.500,4.32,3,3,0,0,0,0,16.2,19,8,8,1,5,0,14,0,0,1,72,100,2.94,1.440,10.3,0.5,2.7,7.6,2.80
142,A.J. Griffin\griffaj01,29,TEX,AL,1,0,1.000,6.75,2,2,0,0,0,0,9.1,8,7,7,3,3,0,8,1,0,0,41,66,6.69,1.179,7.7,2.9,2.9,7.7,2.67
143,Jason Grilli\grillja01,40,TOR,AL,0,1,.000,3.86,5,0,3,0,0,1,4.2,4,2,2,2,2,0,5,0,0,1,20,112,7.65,1.286,7.7,3.9,3.9,9.6,2.50
144,Justin Grimm\grimmju01,28,CHC,NL,0,0,,5.79,5,0,2,0,0,0,4.2,5,3,3,1,1,0,5,0,0,0,18,74,4.22,1.286,9.6,1.9,1.9,9.6,5.00
145,Robert Gsellman\gsellro01,23,NYM,NL,0,1,.000,9.28,3,2,1,0,0,0,10.2,13,11,11,2,5,0,13,0,0,1,50,43,4.34,1.688,11.0,1.7,4.2,11.0,2.60
146,Deolis Guerra\guerrde01,28,LAA,AL,0,0,,9.00,1,0,0,0,0,0,1.0,1,1,1,1,1,0,0,0,0,0,5,59,18.94,2.000,9.0,9.0,9.0,0.0,0.00
147,Junior Guerra\guerrju02,32,MIL,NL,0,0,,6.00,1,1,0,0,0,0,3.0,1,2,2,1,0,0,4,1,0,0,11,75,5.60,0.333,3.0,3.0,0.0,12.0,
148,Jandel Gustave\gustaja01,24,HOU,AL,0,0,,6.75,5,0,2,0,0,0,4.0,5,4,3,0,6,0,2,0,0,0,22,61,6.44,2.750,11.3,0.0,13.5,4.5,0.33
149,Jeremy Guthrie\guthrje01,38,WSN,NL,0,1,.000,135.00,1,1,0,0,0,0,0.2,6,10,10,0,4,0,0,0,0,0,12,5,20.94,15.000,81.0,0.0,54.0,0.0,0.00
150,Jesse Hahn\hahnje01,27,OAK,AL,0,1,.000,3.75,2,1,1,0,0,0,12.0,13,5,5,0,3,0,10,0,0,0,53,104,2.02,1.333,9.8,0.0,2.3,7.5,3.33
151,Justin Haley\haleyju01,26,MIN,AL,0,0,,4.50,3,0,2,0,0,1,8.0,8,4,4,2,0,0,8,0,0,0,32,93,4.19,1.000,9.0,2.3,0.0,9.0,
152,Cole Hamels*\hamelco01,33,TEX,AL,0,0,,2.77,2,2,0,0,0,0,13.0,9,5,4,2,5,0,9,2,0,1,53,159,5.17,1.077,6.2,1.4,3.5,6.2,1.80
153,Jason Hammel\hammeja01,34,KCR,AL,0,1,.000,6.52,2,2,0,0,0,0,9.2,13,7,7,0,6,1,6,0,0,2,47,63,3.56,1.966,12.1,0.0,5.6,5.6,1.00
154,Brad Hand*\handbr01,27,SDP,NL,0,0,,0.00,5,0,2,0,0,0,5.0,1,0,0,0,2,0,5,0,0,0,18,,2.14,0.600,1.8,0.0,3.6,9.0,2.50
155,J.A. Happ*\happja01,34,TOR,AL,0,2,.000,5.40,2,2,0,0,0,0,11.2,14,7,7,4,0,0,17,0,0,0,50,76,4.48,1.200,10.8,3.1,0.0,13.1,
156,Blaine Hardy*\hardybl01,30,DET,AL,0,0,,0.00,1,0,1,0,0,0,1.0,0,0,0,0,0,0,2,0,0,0,3,,-1.06,0.000,0.0,0.0,0.0,18.0,
157,Will Harris\harriwi10,32,HOU,AL,1,0,1.000,0.00,5,0,0,0,0,0,5.2,2,0,0,0,1,0,5,0,0,0,20,,1.70,0.529,3.2,0.0,1.6,7.9,5.00
158,Donnie Hart*\hartdo01,26,BAL,AL,1,0,1.000,0.00,4,0,0,0,0,0,4.0,5,0,0,0,0,0,6,0,0,0,17,,-0.06,1.250,11.3,0.0,0.0,13.5,
159,Matt Harvey\harvema01,28,NYM,NL,2,0,1.000,2.92,2,2,0,0,0,0,12.1,8,4,4,3,1,0,10,0,0,0,45,138,4.72,0.730,5.8,2.2,0.7,7.3,10.00
160,Chris Hatcher\hatchch02,32,LAD,NL,0,0,,1.29,4,0,4,0,0,0,7.0,6,1,1,0,1,0,8,0,0,0,27,310,1.08,1.000,7.7,0.0,1.3,10.3,8.00
161,Mike Hauschild\hauscmi01,27,TEX,AL,0,0,,9.64,3,0,2,0,0,0,4.2,7,5,5,2,1,0,5,1,0,1,22,48,7.65,1.714,13.5,3.9,1.9,9.6,5.00
162,Jeremy Hellickson\hellije01,30,PHI,NL,2,0,1.000,1.59,3,3,0,0,0,0,17.0,11,3,3,1,3,0,5,1,0,0,65,256,3.82,0.824,5.8,0.5,1.6,2.6,1.67
163,Heath Hembree\hembrhe01,28,BOS,AL,0,1,.000,3.60,6,0,1,0,0,0,5.0,4,2,2,0,2,0,5,0,0,0,21,129,2.14,1.200,7.2,0.0,3.6,9.0,2.50
164,Kyle Hendricks\hendrky01,27,CHC,NL,1,1,.500,5.73,2,2,0,0,0,0,11.0,11,7,7,2,3,1,9,0,0,0,46,71,4.48,1.273,9.0,1.6,2.5,7.4,3.00
165,Liam Hendriks\hendrli01,28,OAK,AL,0,0,,9.82,4,0,0,0,0,0,3.2,6,4,4,0,1,0,4,0,0,0,18,42,1.57,1.909,14.7,0.0,2.5,9.8,4.00
166,Felix Hernandez\hernafe02,31,SEA,AL,1,1,.500,2.95,3,3,0,0,0,0,18.1,21,6,6,3,0,0,15,1,0,1,74,140,3.59,1.145,10.3,1.5,0.0,7.4,
167,Kelvin Herrera\herreke01,27,KCR,AL,0,0,,4.50,4,0,3,0,0,2,4.0,3,2,2,2,0,0,2,0,0,0,15,96,8.44,0.750,6.8,4.5,0.0,4.5,
168,Rich Hill*\hillri01,37,LAD,NL,1,0,1.000,1.80,1,1,0,0,0,0,5.0,2,1,1,1,3,0,5,0,0,0,18,226,5.34,1.000,3.6,1.8,5.4,9.0,1.67
169,Jonathan Holder\holdejo02,24,NYY,AL,0,0,,0.00,5,0,1,0,0,0,3.1,7,0,0,0,0,0,5,0,0,0,17,,-0.06,2.100,18.9,0.0,0.0,13.5,
170,Derek Holland*\hollade01,30,CHW,AL,1,1,.500,1.50,2,2,0,0,0,0,12.0,5,3,2,0,5,0,9,1,0,0,49,264,2.94,0.833,3.8,0.0,3.8,6.8,1.80
171,Greg Holland\hollagr01,31,COL,NL,0,0,,0.00,6,0,6,0,0,6,6.0,2,0,0,0,3,0,8,0,0,1,21,,1.77,0.833,3.0,0.0,4.5,12.0,2.67
172,J.J. Hoover\hoovejj01,29,ARI,NL,0,0,,3.86,6,0,1,0,0,0,4.2,5,2,2,0,1,0,5,0,0,0,20,119,1.44,1.286,9.6,0.0,1.9,9.6,5.00
173,J.P. Howell*\howeljp01,34,TOR,AL,0,1,.000,54.00,2,0,0,0,0,0,0.1,2,2,2,0,2,0,0,0,0,0,5,16,20.94,12.000,54.0,0.0,54.0,0.0,0.00
174,Daniel Hudson\hudsoda01,30,PIT,NL,0,0,,4.50,7,0,1,0,0,0,6.0,8,4,3,0,2,0,6,0,0,0,28,95,1.94,1.667,12.0,0.0,3.0,9.0,3.00
175,Jared Hughes\hugheja02,31,MIL,NL,1,0,1.000,1.42,6,0,4,0,0,0,6.1,6,2,1,0,5,1,1,0,0,0,27,299,4.99,1.737,8.5,0.0,7.1,1.4,0.20
176,Phil Hughes\hugheph01,31,MIN,AL,2,0,1.000,3.86,2,2,0,0,0,0,11.2,10,5,5,2,3,0,8,0,0,0,47,107,4.57,1.114,7.7,1.5,2.3,6.2,2.67
177,Tommy Hunter\hunteto02,30,TBR,AL,0,1,.000,1.69,6,0,2,0,0,0,5.1,3,1,1,0,2,0,5,0,0,0,21,242,2.19,0.938,5.1,0.0,3.4,8.4,2.50
178,Raisel Iglesias\iglesra01,27,CIN,NL,1,0,1.000,1.17,5,0,4,0,0,3,7.2,3,1,1,1,2,0,8,0,0,0,27,362,3.33,0.652,3.5,1.2,2.3,9.4,4.00
179,Hisashi Iwakuma\iwakuhi01,36,SEA,AL,0,1,.000,2.25,2,2,0,0,0,0,12.0,6,3,3,3,6,0,4,0,0,1,44,185,7.02,1.000,4.5,2.3,4.5,3.0,0.67
180,Kenley Jansen\janseke01,29,LAD,NL,0,0,,3.86,5,0,5,0,0,3,4.2,5,2,2,0,0,0,6,0,0,0,19,106,0.37,1.071,9.6,0.0,0.0,11.6,
181,Jeremy Jeffress\jeffrje01,29,TEX,AL,0,1,.000,3.18,7,0,3,0,0,0,5.2,4,3,2,0,1,0,3,0,0,0,21,143,2.41,0.882,6.4,0.0,1.6,4.8,3.00
182,Dan Jennings*\jennida01,30,CHW,AL,1,0,1.000,1.93,6,0,1,0,0,0,4.2,4,1,1,1,1,0,2,0,0,0,17,216,5.51,1.071,7.7,1.9,1.9,3.9,2.00
183,Joe Jimenez\jimenjo02,22,DET,AL,0,0,,0.00,1,0,1,0,0,0,1.0,0,0,0,0,0,0,1,0,0,0,3,,0.94,0.000,0.0,0.0,0.0,9.0,
184,Ubaldo Jimenez\jimenub01,33,BAL,AL,0,0,,10.38,2,2,0,0,0,0,8.2,15,10,10,3,3,0,6,0,0,1,43,42,7.09,2.077,15.6,3.1,3.1,6.2,2.00
185,Jim Johnson\johnsji04,34,ATL,NL,1,0,1.000,1.50,5,0,4,0,0,3,6.0,3,1,1,0,2,0,7,0,0,0,23,282,1.60,0.833,4.5,0.0,3.0,10.5,3.50
186,Nate Jones\jonesna01,31,CHW,AL,0,0,,5.06,5,0,0,0,0,0,5.1,6,3,3,1,5,1,3,0,0,0,25,81,7.06,2.063,10.1,1.7,8.4,5.1,0.60
187,Taylor Jungmann\jungmta01,27,MIL,NL,0,0,,13.50,1,0,0,0,0,0,0.2,2,1,1,0,1,0,1,1,0,0,6,47,8.94,4.500,27.0,0.0,13.5,13.5,1.00
188,Jake Junis\junisja01,24,KCR,AL,0,0,,0.00,1,0,1,0,0,0,1.0,1,0,0,0,2,0,0,0,0,0,5,,8.94,3.000,9.0,0.0,18.0,0.0,0.00
189,Tommy Kahnle\kahnlto01,27,CHW,AL,0,1,.000,2.45,4,0,4,0,0,0,3.2,4,1,1,0,1,0,7,0,0,0,15,173,-0.06,1.364,9.8,0.0,2.5,17.2,7.00
190,Nate Karns\karnsna01,29,KCR,AL,0,0,,4.38,3,2,0,0,0,0,12.1,12,6,6,1,6,1,8,1,0,1,52,93,4.40,1.459,8.8,0.7,4.4,5.8,1.33
191,Shawn Kelley\kellesh01,33,WSN,NL,1,0,1.000,7.20,5,0,3,0,0,0,5.0,5,4,4,3,2,0,8,0,0,1,23,59,8.74,1.400,9.0,5.4,3.6,14.4,4.00
192,Joe Kelly\kellyjo05,29,BOS,AL,1,0,1.000,3.38,4,0,3,0,0,0,5.1,4,2,2,0,3,0,1,0,0,0,22,138,4.25,1.313,6.8,0.0,5.1,1.7,0.33
193,Ian Kennedy\kenneia01,32,KCR,AL,0,2,.000,4.09,2,2,0,0,0,0,11.0,9,5,5,1,7,0,9,0,0,0,48,100,4.39,1.455,7.4,0.8,5.7,7.4,1.29
194,Clayton Kershaw*\kershcl01,29,LAD,NL,2,1,.667,2.53,3,3,0,0,0,0,21.1,14,7,6,4,1,0,22,0,1,2,79,152,3.45,0.703,5.9,1.7,0.4,9.3,22.00
195,Dallas Keuchel*\keuchda01,29,HOU,AL,2,0,1.000,0.86,3,3,0,0,0,0,21.0,8,2,2,2,5,0,15,1,0,0,76,446,3.60,0.619,3.4,0.9,2.1,6.4,3.00
196,Craig Kimbrel\kimbrcr01,29,BOS,AL,0,0,,1.80,5,0,4,0,0,4,5.0,3,1,1,0,2,0,7,1,0,0,21,259,1.94,1.000,5.4,0.0,3.6,12.6,3.50
197,Brandon Kintzler\kintzbr01,32,MIN,AL,0,0,,0.00,5,0,5,0,0,3,5.1,3,0,0,0,3,0,4,1,0,0,21,,3.69,1.125,5.1,0.0,5.1,6.8,1.33
198,Corey Kluber\klubeco01,31,CLE,AL,1,1,.500,6.38,3,3,0,0,0,0,18.1,20,14,13,5,6,0,18,0,0,0,80,63,5.50,1.418,9.8,2.5,2.9,8.8,3.00
199,Corey Knebel\knebeco01,25,MIL,NL,0,0,,0.00,6,0,1,0,0,0,5.2,1,0,0,0,2,0,7,0,0,0,19,,1.53,0.529,1.6,0.0,3.2,11.1,3.50
200,Tom Koehler\koehlto01,31,MIA,NL,0,0,,3.27,2,2,0,0,0,0,11.0,9,4,4,3,5,2,5,0,0,0,44,126,6.94,1.273,7.4,2.5,4.1,4.1,1.00
201,George Kontos\kontoge01,32,SFG,NL,0,1,.000,5.79,5,0,1,0,0,0,4.2,4,3,3,0,3,0,3,0,0,0,21,73,3.58,1.500,7.7,0.0,5.8,5.8,1.00
202,Ian Krol*\krolia01,26,ATL,NL,0,1,.000,7.36,4,0,1,0,0,0,3.2,3,3,3,0,2,0,2,0,0,0,14,60,3.48,1.364,7.4,0.0,4.9,4.9,1.00
203,Chad Kuhl\kuhlch01,24,PIT,NL,1,0,1.000,2.38,2,2,0,0,0,0,11.1,10,4,3,0,6,2,11,1,0,0,49,174,2.85,1.412,7.9,0.0,4.8,8.7,1.83
204,John Lackey\lackejo01,38,CHC,NL,1,1,.500,3.00,2,2,0,0,0,0,12.0,10,5,4,1,5,0,17,0,0,1,51,135,2.44,1.250,7.5,0.8,3.8,12.8,3.40
205,Derek Law\lawde01,26,SFG,NL,0,0,,5.06,6,0,1,0,0,0,5.1,6,3,3,1,2,0,4,0,0,0,24,83,5.00,1.500,10.1,1.7,3.4,6.8,2.00
206,Casey Lawrence\lawreca01,29,TOR,AL,0,1,.000,13.50,2,0,2,0,0,0,2.0,3,3,3,0,5,2,2,0,0,0,14,35,8.44,4.000,13.5,0.0,22.5,9.0,0.40
207,Tommy Layne*\layneto01,32,NYY,AL,0,0,,2.70,5,0,0,0,0,0,3.1,4,2,1,0,1,0,3,0,0,0,15,165,2.04,1.500,10.8,0.0,2.7,8.1,3.00
208,Mike Leake\leakemi01,29,STL,NL,1,1,.500,0.60,2,2,0,0,0,0,15.0,10,1,1,0,1,0,13,0,0,0,53,666,1.40,0.733,6.0,0.0,0.6,7.8,13.00
209,Wade LeBlanc*\leblawa01,32,PIT,NL,0,0,,5.40,3,0,0,0,0,0,6.2,4,4,4,1,0,0,0,0,0,0,25,78,4.89,0.600,5.4,1.4,0.0,0.0,
210,Jose Leclerc\leclejo01,23,TEX,AL,0,1,.000,1.42,5,0,2,0,0,1,6.1,5,2,1,0,0,0,10,0,0,1,25,318,-0.22,0.789,7.1,0.0,0.0,14.2,
211,Zach Lee\leeza01,25,SDP,NL,1,0,1.000,0.00,1,1,0,0,0,0,5.1,2,0,0,0,4,0,3,0,0,0,22,,4.06,1.125,3.4,0.0,6.8,5.1,0.75
212,Dominic Leone\leonedo01,25,TOR,AL,0,0,,2.08,3,0,0,0,0,0,4.1,2,1,1,0,2,0,4,0,0,0,17,209,2.48,0.923,4.2,0.0,4.2,8.3,2.00
213,Jon Lester*\lestejo01,33,CHC,NL,0,0,,1.64,2,2,0,0,0,0,11.0,11,2,2,0,3,0,14,0,0,0,46,249,1.21,1.273,9.0,0.0,2.5,11.5,4.67
214,Francisco Liriano*\liriafr01,33,TOR,AL,0,1,.000,9.00,2,2,0,0,0,0,7.0,8,7,7,1,6,0,11,0,0,1,34,47,4.22,2.000,10.3,1.3,7.7,14.1,1.83
215,Boone Logan*\loganbo02,32,CLE,AL,0,0,,3.38,6,0,0,0,0,0,2.2,2,1,1,0,0,0,1,0,0,0,10,134,2.19,0.750,6.8,0.0,0.0,3.4,
216,Michael Lorenzen\lorenmi01,25,CIN,NL,1,0,1.000,4.50,6,0,1,0,0,1,8.0,6,4,4,0,2,0,10,1,1,2,33,94,1.56,1.000,6.8,0.0,2.3,11.3,5.00
217,Aaron Loup*\loupaa01,29,TOR,AL,0,0,,3.00,4,0,1,0,0,0,3.0,5,1,1,0,1,0,7,0,0,0,15,150,-0.73,2.000,15.0,0.0,3.0,21.0,7.00
218,Jordan Lyles\lylesjo01,26,COL,NL,0,0,,8.44,3,0,1,0,0,0,5.1,7,5,5,1,1,0,6,1,0,1,24,58,4.25,1.500,11.8,1.7,1.7,10.1,6.00
219,Lance Lynn\lynnla01,30,STL,NL,0,1,.000,5.23,2,2,0,0,0,0,10.1,10,8,6,3,5,0,8,0,0,0,47,77,6.61,1.452,8.7,2.6,4.4,7.0,1.60
220,Ryan Madson\madsory01,36,OAK,AL,0,1,.000,2.25,5,0,2,0,0,0,4.0,7,1,1,0,1,1,4,0,0,0,19,184,1.69,2.000,15.8,0.0,2.3,9.0,4.00
221,Kenta Maeda\maedake01,29,LAD,NL,1,1,.500,7.07,3,3,0,0,0,0,14.0,15,11,11,3,4,0,14,0,0,0,60,55,4.58,1.357,9.6,1.9,2.6,9.0,3.50
222,Sean Manaea*\manaese01,25,OAK,AL,0,1,.000,5.51,3,3,0,0,0,0,16.1,8,12,10,1,9,0,20,4,0,1,71,70,3.67,1.041,4.4,0.6,5.0,11.0,2.22
223,Jhan Marinez\marinjh01,28,MIL,NL,0,2,.000,4.26,5,0,1,0,0,0,6.1,9,5,3,0,7,2,7,1,0,1,34,100,4.52,2.526,12.8,0.0,9.9,9.9,1.00
224,Evan Marshall\marshev01,27,SEA,AL,0,0,,0.00,1,0,1,0,0,0,1.2,3,0,0,0,0,0,2,0,0,0,7,,0.54,1.800,16.2,0.0,0.0,10.8,
225,Carlos Martinez\martica04,25,STL,NL,0,2,.000,3.57,3,3,0,0,0,0,17.2,16,9,7,1,9,0,24,2,0,2,80,112,2.82,1.415,8.2,0.5,4.6,12.2,2.67
226,Michael Martinez\martimi02,34,CLE,AL,0,0,,0.00,1,0,1,0,0,0,1.0,1,0,0,0,0,0,0,0,0,0,4,,2.94,1.000,9.0,0.0,0.0,0.0,
227,Brandon Maurer\maurebr01,26,SDP,NL,0,0,,4.50,4,0,4,0,0,1,4.0,2,2,2,1,0,0,5,0,0,0,13,97,3.69,0.500,4.5,2.3,0.0,11.3,
228,Zach McAllister\mcallza01,29,CLE,AL,0,0,,3.38,4,0,1,0,0,0,5.1,4,2,2,0,2,0,4,0,0,0,22,126,2.56,1.125,6.8,0.0,3.4,6.8,2.00
229,Brandon McCarthy\mccarbr01,33,LAD,NL,2,0,1.000,1.50,2,2,0,0,0,0,12.0,8,2,2,1,4,0,8,0,0,0,44,260,3.69,1.000,6.0,0.8,3.0,6.0,2.00
230,Lance McCullers\mcculla02,23,HOU,AL,1,0,1.000,4.67,3,3,0,0,0,0,17.1,19,9,9,4,3,1,23,1,0,0,76,82,3.98,1.269,9.9,2.1,1.6,11.9,7.67
231,Jake McGee*\mcgeeja01,30,COL,NL,0,0,,7.36,5,0,1,0,0,1,3.2,4,3,3,0,2,0,8,0,0,0,17,68,0.21,1.636,9.8,0.0,4.9,19.6,4.00
232,Dustin McGowan\mcgowdu01,35,MIA,NL,0,0,,0.00,6,0,2,0,0,0,6.1,2,0,0,0,3,0,5,0,0,0,24,,2.78,0.789,2.8,0.0,4.3,7.1,1.67
233,Adalberto Mejia*\mejiaad01,24,MIN,AL,0,1,.000,4.05,2,2,0,0,0,0,6.2,6,4,3,0,5,0,4,1,0,1,30,104,4.44,1.650,8.1,0.0,6.8,5.4,0.80
234,Mark Melancon\melanma01,32,SFG,NL,0,1,.000,6.75,3,0,3,0,0,2,2.2,6,2,2,0,1,0,1,0,0,0,14,66,3.31,2.625,20.3,0.0,3.4,3.4,1.00
235,Wade Miley*\mileywa01,30,BAL,AL,1,0,1.000,2.45,2,2,0,0,0,0,11.0,6,3,3,1,7,0,13,1,0,0,46,175,3.94,1.182,4.9,0.8,5.7,10.6,1.86
236,Andrew Miller*\millean01,32,CLE,AL,1,0,1.000,0.00,5,0,0,0,0,0,6.0,5,0,0,0,0,0,7,0,0,0,23,,0.60,0.833,7.5,0.0,0.0,10.5,
237,Shelby Miller\millesh01,26,ARI,NL,1,1,.500,5.06,2,2,0,0,0,0,10.2,12,6,6,1,5,1,12,0,1,1,52,87,3.31,1.594,10.1,0.8,4.2,10.1,2.40
238,Tommy Milone*\milonto01,30,MIL,NL,1,0,1.000,7.36,3,2,0,0,0,0,11.0,18,9,9,2,1,0,7,0,0,0,51,56,4.30,1.727,14.7,1.6,0.8,5.7,7.00
239,Mike Minor*\minormi01,29,KCR,AL,0,1,.000,6.75,6,0,3,0,0,0,5.1,6,4,4,0,2,0,4,0,0,1,23,63,2.56,1.500,10.1,0.0,3.4,6.8,2.00
240,Ariel Miranda*\miranar01,28,SEA,AL,0,1,.000,5.06,2,2,0,0,0,0,10.2,12,6,6,3,5,1,9,1,0,0,48,83,6.59,1.594,10.1,2.5,4.2,7.6,1.80
241,Bryan Mitchell\mitchbr01,26,NYY,AL,1,0,1.000,0.00,3,0,1,0,0,0,3.1,0,0,0,0,0,0,1,0,0,0,10,,2.34,0.000,0.0,0.0,0.0,2.7,
242,Frankie Montas\montafr02,24,OAK,AL,0,0,,4.26,4,0,2,0,0,0,6.1,7,3,3,1,2,0,3,2,0,0,27,94,5.94,1.421,9.9,1.4,2.8,4.3,1.50
243,Rafael Montero\montera01,26,NYM,NL,0,1,.000,5.68,5,0,0,0,0,0,6.1,12,4,4,0,8,2,6,0,0,0,37,73,4.83,3.158,17.1,0.0,11.4,8.5,0.75
244,Jordan Montgomery*\montgjo01,24,NYY,AL,0,0,,3.86,1,1,0,0,0,0,4.2,5,3,2,1,2,0,7,1,0,0,21,112,4.65,1.500,9.6,1.9,3.9,13.5,3.50
245,Mike Montgomery*\montgmi01,27,CHC,NL,0,2,.000,3.00,4,0,3,0,0,0,6.0,5,2,2,0,5,1,6,1,0,1,27,140,3.94,1.667,7.5,0.0,7.5,9.0,1.20
246,Matt Moore*\moorema02,28,SFG,NL,1,2,.333,4.26,3,3,0,0,0,0,19.0,21,12,9,2,5,0,13,1,0,0,85,93,3.88,1.368,9.9,0.9,2.4,6.2,2.60
247,Adam Morgan*\morgaad01,27,PHI,NL,0,1,.000,10.50,2,0,0,0,0,0,6.0,11,7,7,6,2,1,8,0,0,0,31,40,14.27,2.167,16.5,9.0,3.0,12.0,4.00
248,Mike Morin\morinmi01,26,LAA,AL,0,0,,6.35,3,0,2,0,0,0,5.2,7,4,4,1,0,0,3,0,0,0,23,64,4.17,1.235,11.1,1.6,0.0,4.8,
249,Charlie Morton\mortoch02,33,HOU,AL,0,1,.000,4.09,2,2,0,0,0,0,11.0,12,5,5,1,4,1,10,1,0,0,49,95,3.66,1.455,9.8,0.8,3.3,8.2,2.50
250,Peter Moylan\moylape01,38,KCR,AL,0,0,,0.00,6,0,1,0,0,0,6.2,1,0,0,0,3,0,5,1,0,0,25,,3.24,0.600,1.4,0.0,4.1,6.8,1.67
251,Joe Musgrove\musgrjo01,24,HOU,AL,1,0,1.000,4.35,2,2,0,0,0,0,10.1,12,5,5,1,4,0,4,1,0,0,45,90,4.87,1.548,10.5,0.9,3.5,3.5,1.00
252,Jimmy Nelson\nelsoji02,28,MIL,NL,1,0,1.000,1.38,2,2,0,0,0,0,13.0,9,2,2,1,2,0,13,1,1,0,51,298,2.63,0.846,6.2,0.7,1.4,9.0,6.50
253,Hector Neris\nerishe01,28,PHI,NL,0,0,,0.00,6,0,0,0,0,0,6.1,2,0,0,0,1,0,7,1,0,0,20,,1.67,0.474,2.8,0.0,1.4,9.9,7.00
254,Pat Neshek\neshepa01,36,PHI,NL,0,0,,0.00,5,0,1,0,0,0,4.2,3,0,0,0,2,0,4,0,0,0,19,,2.51,1.071,5.8,0.0,3.9,7.7,2.00
255,Juan Nicasio\nicasju01,30,PIT,NL,0,2,.000,3.18,6,0,1,0,0,0,5.2,7,2,2,0,2,1,6,0,0,0,25,135,1.88,1.588,11.1,0.0,3.2,9.5,3.00
256,Aaron Nola\nolaaa01,24,PHI,NL,1,0,1.000,3.27,2,2,0,0,0,0,11.0,13,4,4,0,2,0,13,0,0,0,45,126,1.12,1.364,10.6,0.0,1.6,10.6,6.50
257,Ricky Nolasco\nolasri01,34,LAA,AL,0,2,.000,5.40,3,3,0,0,0,0,16.2,19,10,10,5,3,0,14,0,0,1,70,72,5.70,1.320,10.3,2.7,1.6,7.6,4.67
258,Bud Norris\norribu01,32,LAA,AL,0,0,,2.84,5,0,0,0,0,0,6.1,5,2,2,0,1,0,8,1,0,0,27,142,1.36,0.947,7.1,0.0,1.4,11.4,8.00
259,Daniel Norris*\norrida01,24,DET,AL,1,0,1.000,2.19,2,2,0,0,0,0,12.1,9,3,3,0,7,0,7,0,0,0,52,184,3.50,1.297,6.6,0.0,5.1,5.1,1.00
260,Ivan Nova\novaiv01,30,PIT,NL,1,1,.500,2.25,2,2,0,0,0,0,12.0,14,5,3,0,0,0,5,1,0,0,51,184,2.35,1.167,10.5,0.0,0.0,3.8,
261,Vidal Nuno*\nunovi01,29,BAL,AL,0,0,,0.00,2,0,2,0,0,0,1.1,0,0,0,0,2,0,0,0,0,0,6,,7.44,1.500,0.0,0.0,13.5,0.0,0.00
262,Darren O'Day\odayda01,34,BAL,AL,0,1,.000,9.64,5,0,0,0,0,0,4.2,8,6,5,0,5,0,4,0,0,0,27,46,4.44,2.786,15.4,0.0,9.6,7.7,0.80
263,Eric O'Flaherty*\oflaher01,32,ATL,NL,0,0,,4.91,5,0,1,0,0,0,3.2,1,2,2,0,3,0,4,0,0,1,15,89,3.21,1.091,2.5,0.0,7.4,9.8,1.33
264,Scott Oberg\obergsc01,27,COL,NL,0,0,,1.29,6,0,2,0,0,0,7.0,4,1,1,0,1,0,6,1,0,0,25,375,2.08,0.714,5.1,0.0,1.3,7.7,6.00
265,Jake Odorizzi\odorija01,27,TBR,AL,1,1,.500,4.15,3,3,0,0,0,0,13.0,10,6,6,3,3,0,8,1,0,0,52,94,5.63,1.000,6.9,2.1,2.1,5.5,2.67
266,Seung-hwan Oh\ohse01,34,STL,NL,1,0,1.000,9.64,4,0,4,0,0,0,4.2,7,5,5,2,1,0,2,2,0,0,24,44,9.58,1.714,13.5,3.9,1.9,3.9,2.00
267,Roberto Osuna\osunaro01,22,TOR,AL,1,0,1.000,4.50,2,0,2,0,0,0,2.0,2,1,1,0,0,0,2,0,0,0,8,106,0.94,1.000,9.0,0.0,0.0,9.0,
268,Dan Otero\oteroda01,32,CLE,AL,0,0,,5.06,6,0,0,0,0,0,5.1,8,3,3,1,2,0,2,0,0,0,26,84,5.75,1.875,13.5,1.7,3.4,3.4,1.00
269,Adam Ottavino\ottavad01,31,COL,NL,0,0,,1.50,6,0,0,0,0,0,6.0,3,1,1,1,3,0,10,0,0,0,23,324,3.27,1.000,4.5,1.5,4.5,15.0,3.33
270,Dillon Overton*\overtdi01,25,SEA,AL,0,0,,20.25,2,0,1,0,0,0,1.1,3,3,3,0,1,1,2,0,0,1,8,26,2.19,3.000,20.3,0.0,6.8,13.5,2.00
271,Blake Parker\parkebl01,32,LAA,AL,0,0,,3.00,6,0,1,0,0,0,6.0,3,3,2,0,0,0,10,0,0,2,23,135,-0.40,0.500,4.5,0.0,0.0,15.0,
272,James Paxton*\paxtoja01,28,SEA,AL,2,0,1.000,0.00,3,3,0,0,0,0,21.0,8,0,0,0,4,0,22,0,0,4,75,,1.41,0.571,3.4,0.0,1.7,9.4,5.50
273,James Pazos*\pazosja01,26,SEA,AL,0,0,,3.86,5,0,1,0,0,0,4.2,6,2,2,0,1,0,2,0,0,0,21,113,2.72,1.500,11.6,0.0,1.9,3.9,2.00
274,Brad Peacock\peacobr01,29,HOU,AL,2,0,1.000,0.00,4,0,3,0,0,0,5.2,1,0,0,0,2,0,8,0,0,0,20,,1.17,0.529,1.6,0.0,3.2,12.7,4.00
275,Wandy Peralta*\peralwa01,25,CIN,NL,0,0,,1.93,5,0,1,0,0,0,4.2,1,1,1,1,2,0,6,0,0,0,17,227,4.44,0.643,1.9,1.9,3.9,11.6,3.00
276,Wily Peralta\peralwi01,28,MIL,NL,2,0,1.000,2.45,2,2,0,0,0,0,11.0,8,3,3,0,5,0,12,0,0,0,44,169,2.12,1.182,6.5,0.0,4.1,9.8,2.40
277,Luis Perdomo\perdolu02,24,SDP,NL,0,0,,8.44,1,1,0,0,0,0,5.1,7,5,5,1,1,0,3,0,1,0,23,50,4.81,1.500,11.8,1.7,1.7,5.1,3.00
278,Martin Perez*\perezma02,26,TEX,AL,1,1,.500,2.20,3,3,0,0,0,0,16.1,18,4,4,2,11,0,14,0,0,1,73,198,4.83,1.776,9.9,1.1,6.1,7.7,1.27
279,Oliver Perez*\perezol01,35,WSN,NL,0,0,,11.57,2,0,0,0,0,0,2.1,4,3,3,1,0,0,2,0,0,0,10,40,6.79,1.714,15.4,3.9,0.0,7.7,
280,Yusmeiro Petit\petityu01,32,LAA,AL,0,0,,1.50,4,0,2,0,0,0,6.0,3,1,1,1,3,0,7,0,0,0,24,270,4.27,1.000,4.5,1.5,4.5,10.5,2.33
281,Jake Petricka\petrija01,29,CHW,AL,0,0,,0.00,1,0,0,0,0,0,1.0,0,0,0,0,2,0,1,0,0,0,5,,6.94,2.000,0.0,0.0,18.0,9.0,0.50
282,David Phelps\phelpda01,30,MIA,NL,1,1,.500,5.14,6,0,0,0,0,0,7.0,10,4,4,2,1,1,8,0,0,0,31,81,4.79,1.571,12.9,2.6,1.3,10.3,8.00
283,Michael Pineda\pinedmi01,28,NYY,AL,1,1,.500,3.97,2,2,0,0,0,0,11.1,10,5,5,2,0,0,17,0,0,1,43,104,2.23,0.882,7.9,1.6,0.0,13.5,
284,Drew Pomeranz*\pomerdr01,28,BOS,AL,1,0,1.000,1.50,1,1,0,0,0,0,6.0,4,1,1,0,1,0,6,0,0,0,23,307,1.44,0.833,6.0,0.0,1.5,9.0,6.00
285,Rick Porcello\porceri01,28,BOS,AL,1,1,.500,7.56,3,3,0,0,0,0,16.2,25,15,14,5,4,0,18,0,0,0,79,59,5.40,1.740,13.5,2.7,2.2,9.7,4.50
286,Ryan Pressly\pressry01,28,MIN,AL,0,1,.000,2.45,4,0,0,0,0,0,3.2,1,1,1,1,0,0,4,0,0,0,12,180,4.30,0.273,2.5,2.5,0.0,9.8,
287,Austin Pruitt\pruitau01,27,TBR,AL,0,0,,17.36,5,0,1,0,0,0,4.2,17,11,9,1,2,0,2,1,0,1,35,24,6.79,4.071,32.8,1.9,3.9,3.9,1.00
288,Zach Putnam\putnaza01,29,CHW,AL,0,0,,0.00,5,0,0,0,0,0,7.0,2,0,0,0,0,0,8,0,0,2,22,,0.65,0.286,2.6,0.0,0.0,10.3,
289,Kevin Quackenbush\quackke01,28,SDP,NL,0,0,,0.00,1,0,1,0,0,0,1.0,0,0,0,0,0,0,1,0,0,0,3,,0.94,0.000,0.0,0.0,0.0,9.0,
290,Jose Quintana*\quintjo01,28,CHW,AL,0,3,.000,6.75,3,3,0,0,0,0,17.1,19,13,13,4,9,0,14,1,0,0,80,58,6.05,1.615,9.9,2.1,4.7,7.3,1.56
291,Erasmo Ramirez\ramirer02,27,TBR,AL,1,0,1.000,3.72,5,0,1,0,0,0,9.2,7,4,4,2,1,0,5,0,0,0,36,106,4.90,0.828,6.5,1.9,0.9,4.7,5.00
292,J.C. Ramirez\ramirjc01,28,LAA,AL,2,1,.667,7.20,4,1,1,0,0,0,10.0,11,8,8,2,4,1,6,0,1,1,45,55,5.54,1.500,9.9,1.8,3.6,5.4,1.50
293,Jose Ramirez\ramirjo02,27,ATL,NL,0,1,.000,2.45,7,0,3,0,0,0,7.1,3,2,2,1,2,1,3,0,0,0,25,170,4.71,0.682,3.7,1.2,2.5,3.7,1.50
294,Neil Ramirez\ramirne01,28,SFG,NL,0,0,,4.05,5,0,0,0,0,0,6.2,6,3,3,0,1,0,11,0,0,1,27,102,0.09,1.050,8.1,0.0,1.4,14.9,11.00
295,Noe Ramirez\ramirno01,27,BOS,AL,0,0,,0.00,1,0,1,0,0,0,1.2,0,0,0,0,0,0,1,0,0,0,5,,1.74,0.000,0.0,0.0,0.0,5.4,
296,A.J. Ramos\ramosaj01,30,MIA,NL,1,1,.500,1.50,6,0,6,0,0,2,6.0,3,1,1,0,3,0,7,0,0,1,23,282,2.10,1.000,4.5,0.0,4.5,10.5,2.33
297,Edubray Ramos\ramosed02,24,PHI,NL,0,1,.000,3.38,5,0,2,0,0,0,5.1,4,2,2,0,4,1,6,0,0,0,23,126,2.94,1.500,6.8,0.0,6.8,10.1,1.50
298,Robbie Ray*\rayro02,25,ARI,NL,1,0,1.000,2.19,2,2,0,0,0,0,12.1,7,3,3,1,8,0,14,0,0,0,51,200,3.67,1.216,5.1,0.7,5.8,10.2,1.75
299,Addison Reed\reedad01,28,NYM,NL,0,0,,1.29,6,0,4,0,0,3,7.0,3,1,1,1,0,0,7,0,0,0,24,320,2.79,0.429,3.9,1.3,0.0,9.0,
300,Cody Reed*\reedco01,24,CIN,NL,1,0,1.000,0.00,3,0,1,0,0,0,7.0,0,0,0,0,4,0,7,0,0,0,22,,2.65,0.571,0.0,0.0,5.1,9.0,1.75
301,Clayton Richard*\richacl01,33,SDP,NL,1,2,.333,3.60,3,3,0,0,0,0,20.0,19,9,8,4,7,0,10,0,1,0,80,112,5.59,1.300,8.6,1.8,3.2,4.5,1.43
302,Garrett Richards\richaga01,29,LAA,AL,0,0,,0.00,1,1,0,0,0,0,4.2,3,0,0,0,1,0,4,0,0,1,18,,1.87,0.857,5.8,0.0,1.9,7.7,4.00
303,Felipe Rivero*\riverfe01,25,PIT,NL,1,0,1.000,1.29,8,0,1,0,0,0,7.0,6,1,1,0,1,0,6,1,0,0,28,329,2.08,1.000,7.7,0.0,1.3,7.7,6.00
304,Tanner Roark\roarkta01,30,WSN,NL,2,0,1.000,3.50,3,3,0,0,0,0,18.0,14,9,7,0,2,0,12,2,0,1,73,116,2.27,0.889,7.0,0.0,1.0,6.0,6.00
305,David Robertson\roberda08,32,CHW,AL,0,0,,0.00,4,0,3,0,0,2,4.0,1,0,0,0,0,0,8,0,0,0,13,,-1.06,0.250,2.3,0.0,0.0,18.0,
306,Hansel Robles\robleha01,26,NYM,NL,2,0,1.000,3.86,7,0,1,0,0,0,7.0,5,3,3,1,5,0,6,1,0,0,31,107,5.65,1.429,6.4,1.3,6.4,7.7,1.20
307,Fernando Rodney\rodnefe01,40,ARI,NL,1,0,1.000,12.46,5,0,5,0,0,3,4.1,7,7,6,1,4,0,5,1,0,2,26,37,7.09,2.538,14.5,2.1,8.3,10.4,1.25
308,Eduardo Rodriguez*\rodried05,24,BOS,AL,0,1,.000,5.23,2,2,0,0,0,0,10.1,9,7,6,3,7,0,13,0,0,1,43,86,6.23,1.548,7.8,2.6,6.1,11.3,1.86
309,Francisco Rodriguez\rodrifr03,35,DET,AL,1,0,1.000,5.40,5,0,5,0,0,4,5.0,8,3,3,2,0,0,5,0,0,0,23,78,6.14,1.600,14.4,3.6,0.0,9.0,
310,Joely Rodriguez*\rodrijo06,25,PHI,NL,0,0,,11.81,4,0,1,0,0,0,5.1,10,7,7,3,4,0,5,0,0,0,29,36,10.62,2.625,16.9,5.1,6.8,8.4,1.25
311,Chaz Roe\roech01,30,ATL,NL,0,0,,9.00,3,0,0,0,0,0,2.0,3,4,2,0,2,0,1,1,0,0,13,53,6.44,2.500,13.5,0.0,9.0,4.5,0.50
312,Taylor Rogers*\rogerta01,26,MIN,AL,1,0,1.000,0.00,3,0,0,0,0,0,2.0,3,0,0,0,1,1,4,0,0,0,10,,0.44,2.000,13.5,0.0,4.5,18.0,4.00
313,Enny Romero*\romeren01,26,WSN,NL,0,0,,8.10,4,0,0,0,0,0,3.1,9,4,3,1,1,0,4,2,0,0,22,55,7.14,3.000,24.3,2.7,2.7,10.8,4.00
314,Sergio Romo\romose01,34,LAD,NL,0,1,.000,2.70,4,0,0,0,0,0,3.1,3,1,1,0,1,0,3,0,0,0,14,157,2.04,1.200,8.1,0.0,2.7,8.1,3.00
315,Bruce Rondon\rondobr01,26,DET,AL,0,1,.000,40.50,3,0,0,0,0,0,1.1,4,6,6,0,3,1,1,0,0,0,11,12,8.19,5.250,27.0,0.0,20.3,6.8,0.33
316,Hector Rondon\rondohe01,29,CHC,NL,0,0,,2.08,5,0,0,0,0,0,4.1,2,2,1,1,2,0,7,0,0,0,18,206,4.09,0.923,4.2,2.1,4.2,14.5,3.50
317,Trevor Rosenthal\rosentr01,27,STL,NL,0,0,,6.75,2,0,0,0,0,0,1.1,3,1,1,0,0,0,4,0,0,0,7,75,-3.06,2.250,20.3,0.0,0.0,27.0,
318,Robbie Ross*\rossro01,28,BOS,AL,0,0,,6.75,1,0,0,0,0,0,2.2,3,2,2,0,1,0,1,1,0,0,13,73,4.44,1.500,10.1,0.0,3.4,3.4,1.00
319,Chris Rusin*\rusinch01,30,COL,NL,1,0,1.000,1.69,2,0,1,0,0,0,5.1,6,2,1,0,0,0,4,0,0,0,22,290,1.44,1.125,10.1,0.0,0.0,6.8,
320,Kyle Ryan*\ryanky01,25,DET,AL,0,0,,4.50,5,0,0,0,0,0,4.0,5,2,2,0,4,0,0,0,0,0,17,96,5.94,2.250,11.3,0.0,9.0,0.0,0.00
321,Hyun-Jin Ryu*\ryuhy01,30,LAD,NL,0,2,.000,5.79,2,2,0,0,0,0,9.1,12,6,6,3,3,0,10,1,0,1,42,68,6.26,1.607,11.6,2.9,2.9,9.6,3.33
322,Marc Rzepczynski*\rzepcma01,31,SEA,AL,0,0,,0.00,5,0,0,0,0,0,3.0,1,0,0,0,0,0,0,0,0,0,9,,2.94,0.333,3.0,0.0,0.0,0.0,
323,CC Sabathia*\sabatc.01,36,NYY,AL,2,0,1.000,1.47,3,3,0,0,0,0,18.1,12,4,3,1,7,0,11,1,0,1,74,277,3.76,1.036,5.9,0.5,3.4,5.4,1.57
324,Fernando Salas\salasfe01,32,NYM,NL,0,1,.000,3.24,8,0,1,0,0,0,8.1,7,3,3,2,3,2,9,0,0,0,35,126,4.98,1.200,7.6,2.2,3.2,9.7,3.00
325,Danny Salazar\salazda01,27,CLE,AL,0,1,.000,4.63,2,2,0,0,0,0,11.2,9,7,6,1,6,0,20,1,0,1,49,88,2.42,1.286,6.9,0.8,4.6,15.4,3.33
326,Chris Sale*\salech01,28,BOS,AL,1,1,.500,1.25,3,3,0,0,0,0,21.2,11,3,3,1,5,0,29,0,0,0,79,355,1.55,0.738,4.6,0.4,2.1,12.0,5.80
327,Jeff Samardzija\samarje01,32,SFG,NL,0,2,.000,6.75,2,2,0,0,0,0,12.0,13,9,9,3,6,0,16,1,0,0,55,60,5.27,1.583,9.8,2.3,4.5,12.0,2.67
328,Aaron Sanchez\sanchaa01,24,TOR,AL,0,1,.000,4.38,2,2,0,0,0,0,12.1,11,6,6,3,4,0,9,0,0,1,52,94,5.61,1.216,8.0,2.2,2.9,6.6,2.25
329,Anibal Sanchez\sanchan01,33,DET,AL,0,0,,11.00,4,0,2,0,0,0,9.0,18,15,11,4,6,0,8,0,0,2,51,37,8.94,2.667,18.0,4.0,6.0,8.0,1.33
330,Ervin Santana\santaer01,34,MIN,AL,3,0,1.000,0.41,3,3,0,1,0,0,22.0,5,1,1,1,5,0,15,0,0,1,75,993,2.85,0.455,2.0,0.4,2.0,6.1,3.00
331,Hector Santiago*\santihe01,29,MIN,AL,1,1,.500,2.38,2,2,0,0,0,0,11.1,7,3,3,1,3,0,5,2,0,0,44,173,4.53,0.882,5.6,0.8,2.4,4.0,1.67
332,Max Scherzer\scherma01,32,WSN,NL,1,1,.500,2.13,2,2,0,0,0,0,12.2,8,5,3,0,4,0,17,1,0,3,51,192,1.44,0.947,5.7,0.0,2.8,12.1,4.25
333,Robby Scott*\scottro02,27,BOS,AL,0,0,,0.00,5,0,2,0,0,0,2.2,2,0,0,0,0,0,2,0,0,0,10,,1.44,0.750,6.8,0.0,0.0,6.8,
334,Evan Scribner\scribev01,31,SEA,AL,0,1,.000,13.50,4,0,1,0,0,0,2.2,6,4,4,1,0,0,0,0,0,0,13,34,7.81,2.250,20.3,3.4,0.0,0.0,
335,Antonio Senzatela\senzaan01,22,COL,NL,1,0,1.000,1.50,2,2,0,0,0,0,12.0,7,2,2,1,4,0,11,1,0,0,47,316,3.44,0.917,5.3,0.8,3.0,8.3,2.75
336,Luis Severino\severlu01,23,NYY,AL,1,0,1.000,4.50,2,2,0,0,0,0,12.0,11,6,6,2,2,0,17,0,0,0,48,92,2.77,1.083,8.3,1.5,1.5,12.8,8.50
337,Paul Sewald\sewalpa01,27,NYM,NL,0,0,,13.50,2,0,1,0,0,0,1.1,4,2,2,0,1,0,0,0,0,0,9,37,5.19,3.750,27.0,0.0,6.8,0.0,0.00
338,Bryan Shaw\shawbr01,29,CLE,AL,1,0,1.000,3.60,5,0,3,0,0,1,5.0,5,2,2,0,2,1,3,0,0,0,20,118,2.94,1.400,9.0,0.0,3.6,5.4,1.50
339,James Shields\shielja02,35,CHW,AL,1,0,1.000,1.69,2,2,0,0,0,0,10.2,4,2,2,2,7,1,11,0,0,1,43,236,5.28,1.031,3.4,1.7,5.9,9.3,1.57
340,Matt Shoemaker\shoemma01,30,LAA,AL,0,0,,6.14,3,3,0,0,0,0,14.2,14,11,10,4,7,0,12,2,1,0,64,64,6.69,1.432,8.6,2.5,4.3,7.4,1.71
341,Chasen Shreve*\shrevch01,26,NYY,AL,0,0,,0.00,3,0,3,0,0,0,3.0,2,0,0,0,2,0,2,0,0,1,13,,3.60,1.333,6.0,0.0,6.0,6.0,1.00
342,Kevin Siegrist*\siegrke01,27,STL,NL,0,0,,13.50,4,0,2,0,0,0,3.1,4,5,5,1,6,1,2,1,0,0,21,32,11.94,3.000,10.8,2.7,16.2,5.4,0.33
343,Tony Sipp*\sippto01,33,HOU,AL,0,0,,2.70,5,0,0,0,0,0,3.1,3,2,1,0,4,0,2,0,0,0,17,156,5.34,2.100,8.1,0.0,10.8,5.4,0.50
344,Tyler Skaggs*\skaggty01,25,LAA,AL,0,1,.000,8.71,2,2,0,0,0,0,10.1,13,10,10,3,5,0,10,1,0,0,49,45,6.52,1.742,11.3,2.6,4.4,8.7,2.00
345,Joe Smith\smithjo05,33,TOR,AL,0,0,,1.80,5,0,1,0,0,0,5.0,3,1,1,0,1,0,8,0,0,0,18,239,0.34,0.800,5.4,0.0,1.8,14.4,8.00
346,Josh Smoker*\smokejo01,28,NYM,NL,0,0,,3.38,5,0,1,0,0,0,5.1,5,2,2,0,5,0,8,0,0,0,26,124,2.75,1.875,8.4,0.0,8.4,13.5,1.60
347,Blake Snell*\snellbl01,24,TBR,AL,0,1,.000,3.18,2,2,0,0,0,0,11.1,5,7,4,1,8,0,6,0,0,0,48,124,5.14,1.147,4.0,0.8,6.4,4.8,0.75
348,Miguel Socolovich\socolmi01,30,STL,NL,0,0,,1.50,4,0,0,0,0,0,6.0,7,2,1,0,1,0,4,2,0,0,28,276,3.10,1.333,10.5,0.0,1.5,6.0,4.00
349,Sammy Solis*\solissa01,28,WSN,NL,0,0,,10.80,5,0,0,0,0,0,3.1,3,4,4,1,3,0,2,0,0,0,15,41,8.34,1.800,8.1,2.7,8.1,5.4,0.67
350,Joakim Soria\soriajo01,33,KCR,AL,1,0,1.000,0.00,5,0,1,0,0,0,6.0,2,0,0,0,5,1,8,0,0,0,23,,2.77,1.167,3.0,0.0,7.5,12.0,1.60
351,Craig Stammen\stammcr01,33,SDP,NL,0,0,,1.42,5,0,1,0,0,0,6.1,6,1,1,1,3,0,4,0,0,0,27,296,5.15,1.421,8.5,1.4,4.3,5.7,1.33
352,Robert Stephenson\stephro01,24,CIN,NL,0,0,,5.40,3,0,1,0,0,0,6.2,7,4,4,1,8,1,13,0,1,0,35,79,4.59,2.250,9.5,1.4,10.8,17.6,1.63
353,Drew Storen\storedr01,29,CIN,NL,1,0,1.000,1.42,6,0,2,0,0,1,6.1,6,2,1,0,4,1,6,1,0,0,30,302,3.41,1.579,8.5,0.0,5.7,8.5,1.50
354,Matt Strahm*\strahma01,25,KCR,AL,0,2,.000,47.25,3,0,1,0,0,0,1.1,4,7,7,1,6,2,0,0,0,0,14,11,26.19,7.500,27.0,6.8,40.5,0.0,0.00
355,Dan Straily\straida01,28,MIA,NL,1,1,.500,7.56,2,2,0,0,0,0,8.1,9,8,7,2,4,0,5,1,0,0,37,55,6.66,1.560,9.7,2.2,4.3,5.4,1.25
356,Stephen Strasburg\strasst01,28,WSN,NL,1,0,1.000,3.00,3,3,0,0,0,0,21.0,16,7,7,1,5,0,19,0,0,0,82,135,2.46,1.000,6.9,0.4,2.1,8.1,3.80
357,Hunter Strickland\strichu01,28,SFG,NL,0,0,,0.00,5,0,3,0,0,0,5.0,2,0,0,0,2,0,6,0,0,0,19,,1.74,0.800,3.6,0.0,3.6,10.8,3.00
358,Ross Stripling\stripro01,27,LAD,NL,0,0,,1.42,4,0,0,0,0,0,6.1,4,1,1,0,0,0,10,0,0,0,23,282,-0.22,0.632,5.7,0.0,0.0,14.2,
359,Marcus Stroman\stromma01,26,TOR,AL,1,1,.500,1.76,2,2,0,1,0,0,15.1,13,3,3,1,3,0,9,0,0,0,58,232,3.20,1.043,7.6,0.6,1.8,5.3,3.00
360,Pedro Strop\stroppe01,32,CHC,NL,0,1,.000,9.00,6,0,0,0,0,0,4.0,3,5,4,2,5,0,5,1,0,1,22,48,11.44,2.000,6.8,4.5,11.3,11.3,1.00
361,Brent Suter*\suterbr01,27,MIL,NL,0,0,,10.80,3,0,0,0,0,0,3.1,6,4,4,0,3,0,3,0,0,1,18,41,3.84,2.700,16.2,0.0,8.1,8.1,1.00
362,Anthony Swarzak\swarzan01,31,CHW,AL,1,0,1.000,0.00,2,0,0,0,0,0,2.2,1,0,0,0,0,0,2,0,0,0,9,,1.44,0.375,3.4,0.0,0.0,6.8,
363,Noah Syndergaard\syndeno01,24,NYM,NL,1,0,1.000,0.95,3,3,0,0,0,0,19.0,16,4,2,0,0,0,20,0,0,0,73,419,0.83,0.842,7.6,0.0,0.0,9.5,
364,Jameson Taillon\taillja01,25,PIT,NL,0,0,,1.38,2,2,0,0,0,0,13.0,9,2,2,1,4,0,10,1,0,1,50,298,3.55,1.000,6.2,0.7,2.8,6.9,2.50
365,Masahiro Tanaka\tanakma01,28,NYY,AL,1,1,.500,8.36,3,3,0,0,0,0,14.0,19,13,13,3,8,0,13,2,0,0,70,49,6.01,1.929,12.2,1.9,5.1,8.4,1.63
366,Ben Taylor\taylobe10,24,BOS,AL,0,0,,1.69,3,0,0,0,0,0,5.1,3,1,1,1,3,0,7,0,0,0,21,275,4.44,1.125,5.1,1.7,5.1,11.8,2.33
367,Junichi Tazawa\tazawju01,31,MIA,NL,1,0,1.000,7.20,6,0,0,0,0,0,5.0,5,4,4,3,2,0,2,0,0,0,21,59,11.14,1.400,9.0,5.4,3.6,3.6,1.00
368,Julio Teheran\teherju01,26,ATL,NL,1,0,1.000,0.95,3,3,0,0,0,0,19.0,15,4,2,0,8,0,15,2,0,1,76,428,2.94,1.211,7.1,0.0,3.8,7.1,1.88
369,Ryan Tepera\teperry01,29,TOR,AL,0,0,,1.80,4,0,1,0,0,0,5.0,2,1,1,0,1,0,3,0,0,0,16,239,2.34,0.600,3.6,0.0,1.8,5.4,3.00
370,Josh Tomlin\tomlijo01,32,CLE,AL,0,2,.000,18.47,2,2,0,0,0,0,6.1,15,13,13,2,2,0,6,1,0,0,36,23,6.57,2.684,21.3,2.8,2.8,8.5,3.00
371,Michael Tonkin\tonkimi01,27,MIN,AL,0,0,,0.00,2,0,2,0,0,0,4.1,3,0,0,0,2,0,3,0,0,0,16,,2.94,1.154,6.2,0.0,4.2,6.2,1.50
372,Carlos Torres\torreca01,34,MIL,NL,0,1,.000,4.32,6,0,0,0,0,0,8.1,7,5,4,1,6,0,5,0,0,1,35,97,5.46,1.560,7.6,1.1,6.5,5.4,0.83
373,Jose Torres*\torrejo02,23,SDP,NL,1,0,1.000,3.38,7,0,2,0,0,0,8.0,4,3,3,2,0,0,11,1,0,0,29,123,3.81,0.500,4.5,2.3,0.0,12.4,
374,Blake Treinen\treinbl01,29,WSN,NL,0,0,,5.06,6,0,4,0,0,3,5.1,6,3,3,1,3,0,6,0,0,0,23,84,4.81,1.688,10.1,1.7,5.1,10.1,2.00
375,Andrew Triggs\triggan01,28,OAK,AL,2,0,1.000,0.00,2,2,0,0,0,0,11.2,8,1,0,0,4,0,4,0,0,0,47,,3.28,1.029,6.2,0.0,3.1,3.1,1.00
376,Sam Tuivailala\tuivasa01,24,STL,NL,0,0,,3.00,3,0,2,0,0,0,3.0,3,1,1,1,1,0,2,0,0,0,13,147,6.94,1.333,9.0,3.0,3.0,6.0,2.00
377,Koji Uehara\ueharko01,42,CHC,NL,0,0,,0.00,6,0,0,0,0,0,5.2,3,0,0,0,1,0,6,0,0,0,21,,1.35,0.706,4.8,0.0,1.6,9.5,6.00
378,Jose Urena\urenajo01,25,MIA,NL,0,0,,2.25,2,0,1,0,0,0,4.0,3,1,1,1,0,0,3,0,0,1,16,194,4.69,0.750,6.8,2.3,0.0,6.8,
379,Jason Vargas*\vargaja01,34,KCR,AL,2,0,1.000,0.66,2,2,0,0,0,0,13.2,10,1,1,0,2,0,14,0,0,0,50,617,1.33,0.878,6.6,0.0,1.3,9.2,7.00
380,Vince Velasquez\velasvi01,25,PHI,NL,0,2,.000,9.00,2,2,0,0,0,0,9.0,10,9,9,3,7,0,17,1,0,0,44,46,6.16,1.889,10.0,3.0,7.0,17.0,2.43
381,Justin Verlander\verlaju01,34,DET,AL,1,1,.500,5.71,3,3,0,0,0,0,17.1,20,12,11,3,5,0,18,0,0,1,76,70,3.98,1.442,10.4,1.6,2.6,9.3,3.60
382,Nick Vincent\vinceni01,30,SEA,AL,0,0,,4.50,5,0,1,0,0,0,6.0,6,3,3,0,1,0,7,0,0,0,23,95,1.10,1.167,9.0,0.0,1.5,10.5,7.00
383,Arodys Vizcaino\vizcaar01,26,ATL,NL,1,0,1.000,0.00,6,0,1,0,0,0,6.0,5,1,0,0,0,0,5,1,0,2,23,,1.77,0.833,7.5,0.0,0.0,7.5,
384,Edinson Volquez\volqued01,33,MIA,NL,0,1,.000,3.45,3,3,0,0,0,0,15.2,16,7,6,3,6,0,18,0,0,0,69,118,4.28,1.404,9.2,1.7,3.4,10.3,3.00
385,Michael Wacha\wachami01,25,STL,NL,1,1,.500,3.00,2,2,0,0,0,0,12.0,12,5,4,2,3,0,14,0,0,0,49,134,3.52,1.250,9.0,1.5,2.3,10.5,4.67
386,Adam Wainwright\wainwad01,35,STL,NL,0,2,.000,7.00,2,2,0,0,0,0,9.0,14,8,7,0,4,0,9,0,0,1,46,58,2.27,2.000,14.0,0.0,4.0,9.0,2.25
387,Taijuan Walker\walketa01,24,ARI,NL,1,1,.500,4.91,2,2,0,0,0,0,11.0,12,7,6,1,5,0,9,1,0,1,52,89,4.12,1.545,9.8,0.8,4.1,7.4,1.80
388,Adam Warren\warread01,29,NYY,AL,0,0,,0.00,4,0,0,0,0,0,6.2,0,0,0,0,0,0,8,0,0,0,20,,0.54,0.000,0.0,0.0,0.0,10.8,
389,Tony Watson*\watsoto01,32,PIT,NL,0,0,,1.50,6,0,5,0,0,4,6.0,5,1,1,1,4,0,4,3,0,0,30,284,7.27,1.500,7.5,1.5,6.0,6.0,1.00
390,Jered Weaver\weaveje02,34,SDP,NL,0,1,.000,4.91,2,2,0,0,0,0,11.0,8,6,6,4,3,0,7,1,0,0,45,84,7.48,1.000,6.5,3.3,2.5,5.7,2.33
391,Zack Wheeler\wheelza01,27,NYM,NL,1,1,.500,7.45,2,2,0,0,0,0,9.2,10,8,8,1,2,0,8,0,0,0,40,54,3.25,1.241,9.3,0.9,1.9,7.4,4.00
392,Tom Wilhelmsen\wilheto01,33,ARI,NL,0,0,,7.20,6,0,1,0,0,0,5.0,4,4,4,0,3,0,2,0,0,2,22,63,3.94,1.400,7.2,0.0,5.4,3.6,0.67
393,Trevor Williams\willitr01,25,PIT,NL,1,0,1.000,5.40,3,0,1,0,0,0,5.0,6,3,3,1,0,0,8,0,0,0,20,80,2.34,1.200,10.8,1.8,0.0,14.4,
394,Alex Wilson\wilsoal01,30,DET,AL,0,0,,3.60,5,0,1,0,0,1,5.0,3,2,2,1,3,0,4,1,0,0,22,117,6.34,1.200,5.4,1.8,5.4,7.2,1.33
395,Justin Wilson*\wilsoju10,29,DET,AL,1,0,1.000,0.00,6,0,1,0,0,1,5.1,0,0,0,0,3,0,6,0,0,2,20,,2.37,0.563,0.0,0.0,5.1,10.1,2.00
396,Tyler Wilson\wilsoty01,27,BAL,AL,1,1,.500,10.13,3,0,2,0,0,0,2.2,5,3,3,1,0,0,3,0,0,1,13,47,5.56,1.875,16.9,3.4,0.0,10.1,
397,Nick Wittgren\wittgni01,26,MIA,NL,0,0,,2.70,3,0,0,0,0,0,6.2,5,2,2,1,2,0,7,0,0,0,25,156,3.69,1.050,6.8,1.4,2.7,9.5,3.50
398,Alex Wood*\woodal02,26,LAD,NL,1,0,1.000,1.00,3,1,0,0,0,0,9.0,3,2,1,0,6,1,8,0,0,0,38,394,3.16,1.000,3.0,0.0,6.0,8.0,1.33
399,Blake Wood\woodbl01,31,CIN,NL,0,1,.000,6.75,6,0,0,0,0,0,5.1,8,4,4,0,0,0,6,0,1,0,23,64,0.69,1.500,13.5,0.0,0.0,10.1,
400,Travis Wood*\woodtr01,30,KCR,AL,0,0,,20.25,5,0,0,0,0,0,2.2,4,6,6,1,5,0,2,0,0,1,17,22,11.94,3.375,13.5,3.4,16.9,6.8,0.40
401,Daniel Wright\wrighda04,26,LAA,AL,0,0,,6.75,1,0,1,0,0,0,4.0,3,3,3,0,3,0,0,0,0,1,18,62,5.19,1.500,6.8,0.0,6.8,0.0,0.00
402,Steven Wright\wrighst01,32,BOS,AL,0,1,.000,13.50,2,2,0,0,0,0,8.0,15,12,12,5,3,1,5,2,0,1,40,34,11.69,2.250,16.9,5.6,3.4,5.6,1.67
403,Michael Ynoa\ynoami01,25,CHW,AL,0,0,,1.69,3,0,2,0,0,0,5.1,4,2,1,0,2,0,4,1,0,0,22,244,3.12,1.125,6.8,0.0,3.4,6.8,2.00
404,Chris Young\youngch03,38,KCR,AL,0,0,,6.75,3,0,1,0,0,0,2.2,7,2,2,0,2,1,2,0,0,0,17,67,3.69,3.375,23.6,0.0,6.8,6.8,1.00
405,Brad Ziegler\zieglbr01,37,MIA,NL,0,0,,1.50,6,0,1,0,0,0,6.0,3,1,1,0,1,0,5,0,0,0,20,282,1.77,0.667,4.5,0.0,1.5,7.5,5.00
406,Jordan Zimmermann\zimmejo02,31,DET,AL,1,1,.500,5.06,2,2,0,0,0,0,10.2,8,6,6,1,6,0,6,1,0,1,45,80,5.00,1.313,6.8,0.8,5.1,5.1,1.00
,LgAvg per 180 IP,,,,10,10,.500,3.98,84,20,20,0,0,5,180,163,86,80,23,68,4,166,7,1,8,762,105,3.98,1.284,8.2,1.1,3.4,8.3,2.44

