Rk,,Tm,Age,Pos,G,GS,Int,Yds,TD,Lng,PD,FF,Fmb,FR,Yds,TD,Sk,Tkl,Ast,Sfty
1,Kwon Alexander\AlexKw00,TAM,22,MLB,16,16,1,38,1,38,7,1,0,1,4,0,3.0,108,37,
2,Landon Collins*+\CollLa00,NYG,22,SS,16,16,5,72,1,44,13,0,0,1,6,0,4.0,100,25,
3,Tahir Whitehead\WhitTa00,DET,26,lb/MLB,15,15,0,0,0,0,6,,,,,,,99,33,
4,Alec Ogletree\OgleAl00,LAR,25,MLB,16,16,2,15,0,8,11,1,0,1,0,0,,98,38,
5,Telvin Smith\SmitTe01,JAX,25,LB,16,16,2,0,0,0,8,0,0,1,0,0,1.0,98,20,
6,Zach Brown*\BrowZa00,BUF,27,LB,16,16,1,0,0,0,4,2,0,0,0,0,4.0,97,52,
7,Paul Posluszny\PoluPa99,JAX,32,MLB,16,16,1,0,0,0,3,,,,,,1.5,97,36,
8,Jonathan Cyprien\CyprJo00,JAX,26,lb/SS,16,16,0,0,0,0,4,1,0,1,0,0,1.0,96,30,
9,Antoine Bethea\BethAn20,SFO,32,SS,16,16,1,0,0,0,3,1,0,1,5,0,,95,15,
10,Christian Kirksey\KirkCh00,CLE,24,LB,16,16,0,0,0,0,3,,,,,,2.5,93,50,
11,Sean Lee*+\LeexSe99,DAL,30,LB,15,15,0,0,0,0,1,0,0,1,0,0,,93,52,
12,Mark Barron\BarrMa00,LAR,27,lb/S,16,16,2,8,0,7,8,0,0,1,0,0,1.0,90,27,
13,Zach Orr\OrrxZa00,BAL,24,LB,15,15,3,23,0,14,5,1,0,2,0,0,,89,41,
14,Mason Foster\FostMa00,WAS,27,MLB,16,13,0,0,0,0,3,1,0,0,0,0,1.0,88,35,
15,Jerrell Freeman\FreeJe00,CHI,30,LB,12,12,0,0,0,0,4,,,,,,,86,24,
16,Malcolm Smith\SmitMa02,OAK,27,cb/LB,15,14,1,0,0,0,3,2,0,1,1,0,,86,17,
17,Bobby Wagner*+\WagnBo00,SEA,26,MLB,16,16,1,9,0,9,3,0,0,1,0,0,4.5,86,82,
18,Jamie Collins\CollJa00,2TM,26,,15,14,2,31,0,18,3,2,0,0,0,0,3.0,79,33,
19,Bradley McDougald\McDoBr01,TAM,26,S,16,16,2,32,0,32,10,0,0,1,6,0,,79,12,
20,Benardrick McKinney\McKiBe00,HOU,24,LB,16,16,0,0,0,0,2,1,0,0,0,0,5.0,79,50,
21,Lawrence Timmons\TimmLa99,PIT,30,lolb/RILB,16,16,2,74,0,58,5,1,0,0,0,0,2.5,78,36,
22,Preston Brown\BrowPr00,BUF,24,MLB,16,16,0,0,0,0,1,1,0,2,0,0,1.0,76,59,
23,Deion Jones\JoneDe01,ATL,22,LB,15,13,3,165,2,90,11,1,0,0,0,0,,75,31,
24,Tony Jefferson\JeffTo00,ARI,24,SS,15,14,0,0,0,0,5,2,0,2,0,0,2.0,74,18,
25,Vontaze Burfict\BurfVo00,CIN,26,LB,11,11,2,54,0,47,8,1,0,0,0,0,2.0,73,28,
26,Thomas Davis*\DaviTh20,CAR,33,LB,16,16,3,35,0,31,4,1,0,2,46,1,2.5,73,33,
27,Logan Ryan\RyanLo00,NWE,25,cb/RCB,16,13,2,46,0,46,11,1,0,0,0,0,1.0,73,19,
28,Avery Williamson\WillAv00,TEN,24,LB,16,16,1,0,0,0,1,1,0,0,0,0,2.0,73,31,
29,Keanu Neal\NealKe01,ATL,21,S,14,14,0,0,0,0,9,5,0,1,0,0,,72,33,
30,Tavon Wilson\WilsTa00,DET,26,fs/s/SS,15,14,2,23,0,18,2,0,0,2,-2,0,1.0,72,15,
31,Luke Kuechly*\KuecLu00,CAR,25,MLB,10,10,1,16,0,16,6,1,0,0,0,0,2.0,71,31,
32,Derrick Johnson\JohnDe25,KAN,34,LILB/rilb,13,13,1,55,1,55,3,,,,,,1.0,70,20,
33,Eric Kendricks\KendEr00,MIN,24,MLB,15,14,1,77,1,77,9,1,0,1,0,0,2.5,70,39,
34,Craig Robertson\RobeCr00,NOR,28,LB/mlb,15,15,1,29,0,29,4,0,0,2,5,0,1.0,70,44,
35,K.J. Wright*\WrigK.00,SEA,27,LB,16,16,0,0,0,0,5,1,0,1,0,0,4.0,70,54,
36,Kiko Alonso\AlonKi00,MIA,26,LB,15,15,2,70,1,60,4,1,0,4,2,0,,69,45,
37,Karlos Dansby\DansKa20,CIN,35,lb,16,7,0,0,0,0,6,0,0,1,0,0,1.0,69,45,
38,Harrison Smith*\SmitHa00,MIN,27,FS,14,14,0,0,0,0,2,0,0,2,0,0,2.0,69,22,
39,T.J. Ward\WardT.99,DEN,30,SS,14,14,1,23,0,23,8,3,0,2,0,0,1.0,69,18,
40,Morgan Burnett\BurnMo99,GNB,27,lb/SS,15,15,2,19,0,19,9,0,0,1,35,0,3.0,68,23,
41,Vernon Hargreaves\HargVe00,TAM,21,CB,16,16,1,0,0,0,10,1,0,0,0,0,,68,8,
42,Rodney McLeod\McLeRo00,PHI,26,S,16,16,3,5,0,5,7,1,0,0,0,0,1.0,68,12,
43,Nigel Bradham\BradNi00,PHI,27,LB,16,16,1,28,0,28,5,2,0,1,0,0,2.0,67,31,
44,Lavonte David\DaviLa00,TAM,26,LB,16,16,1,15,1,15,3,4,0,2,53,0,5.0,67,20,
45,Byron Jones\JoneBy00,DAL,24,FS/s,16,16,1,7,0,7,10,1,0,0,0,0,,67,14,
46,Kurt Coleman\ColeKu99,CAR,28,fs/SS,15,15,4,57,1,37,7,1,0,0,0,0,1.0,65,30,
47,Deone Bucannon\BucaDe00,ARI,24,LB,13,13,0,0,0,0,2,0,0,1,0,0,,64,25,
48,Todd Davis\DaviTo01,DEN,24,LB,16,15,0,0,0,0,3,1,0,1,1,0,0.5,64,33,
49,Devin McCourty*\McCoDe99,NWE,29,S,16,16,1,0,0,0,7,1,0,1,3,0,,64,14,
50,Jatavis Brown\BrowJa05,SDG,22,lb,12,7,0,0,0,0,6,2,0,1,0,0,3.5,63,13,
51,Marcus Cooper\CoopMa00,ARI,26,RCB,15,13,4,95,1,60,11,,,,,,,63,6,
52,Harold Jones-Quartey\JoneHa02,CHI,23,S,16,12,1,0,0,0,5,,,,,,,63,11,
53,Mike Adams\AdamMi21,IND,35,SS,15,15,2,56,0,56,2,2,0,2,0,0,,62,17,
54,Eric Berry*+\BerrEr99,KAN,28,SS,16,16,4,98,2,42,9,1,0,0,0,0,,62,15,
55,David Harris\HarrDa99,NYJ,32,LB,15,15,0,0,0,0,2,,,,,,0.5,62,32,
56,Von Miller*+\MillVo00,DEN,27,LB,16,16,0,0,0,0,3,3,0,0,0,0,13.5,62,16,
57,Daryl Worley\WorlDa00,CAR,21,RCB,16,11,1,22,0,22,9,,,,,,1.0,62,25,
58,Ricardo Allen\AlleRi00,ATL,25,S,16,16,2,3,0,3,3,,,,,,,61,29,
59,Barry Church\ChurBa99,DAL,28,SS,12,12,2,14,0,14,4,1,0,0,0,0,,61,24,
60,Ha Ha Clinton-Dix*\ClinHa00,GNB,24,FS,16,16,5,75,0,27,7,1,0,0,0,0,0.5,61,18,
61,Ramik Wilson\WilsRa00,KAN,24,lilb/RILB,11,11,1,6,0,6,3,1,0,2,0,0,,61,15,
62,Bashaud Breeland\BreeBa00,WAS,24,CB,14,14,3,32,0,26,11,2,0,0,0,0,1.0,60,11,
63,William Compton\CompWi00,WAS,27,MLB,15,15,1,5,0,5,5,1,0,2,0,0,,60,43,
64,Ronald Darby\DarbRo00,BUF,22,CB,14,14,0,0,0,0,12,,,,,,,60,9,
65,Jonathan Casillas\CasiJo99,NYG,29,LB,16,15,0,0,0,0,7,1,0,0,0,0,1.5,59,33,
66,Demario Davis\DaviDe00,CLE,27,LB,16,15,0,0,0,0,2,1,0,0,0,0,2.0,59,40,
67,Jason McCourty\McCoJa99,TEN,29,CB,14,14,2,7,0,6,12,0,0,1,0,0,,59,8,
68,Kevin Minter\MintKe00,ARI,26,LB,16,16,0,0,0,0,4,,,,,,3.5,59,22,
69,Lardarius Webb\WebbLa99,BAL,31,FS/rcb/s,16,16,1,0,0,0,5,,,,,,1.0,59,14,
70,Shawn Williams\WillSh02,CIN,25,SS,15,15,3,14,0,13,5,0,1,0,0,0,1.0,59,22,
71,Vonn Bell\BellVo00,NOR,22,cb/db/lb/mlb/s/ss,16,13,0,0,0,0,4,2,0,1,0,0,1.0,58,25,
72,Corey Graham\GrahCo99,BUF,31,S,16,16,1,0,0,0,9,0,0,1,0,0,1.0,58,25,
73,Jordan Hicks\HickJo00,PHI,24,MLB,16,16,5,41,0,34,11,0,0,1,0,0,1.0,58,28,
74,Steven Nelson\NelsSt01,KAN,23,cb/db/lcb/RCB,15,14,0,0,0,0,16,0,0,2,0,0,,58,6,
75,Chris Harris*+\HarrCh01,DEN,27,RCB,16,15,2,36,0,36,11,1,0,1,6,0,,57,6,
76,David Amerson\AmerDa00,OAK,25,LCB/rcb,15,15,2,0,0,0,16,,,,,,,56,8,
77,Jairus Byrd\ByrdJa99,NOR,30,FS/s,16,16,2,35,0,24,3,,,,,,,56,26,
78,C.J. Mosley*\MoslC.00,BAL,24,LB,14,14,4,40,0,28,8,1,1,0,0,0,,56,36,
79,Jake Ryan\RyanJa00,GNB,24,LB,14,10,0,0,0,0,3,,,,,,,56,25,
80,DeShawn Shead\SheaDe00,SEA,28,cb/db/lb/RCB,15,15,1,2,0,2,14,1,0,0,0,0,,56,24,
81,D.J. Swearinger\SweaDJ00,ARI,25,db/fs/s/ss,16,12,3,13,0,12,8,,,,,,2.0,56,8,
82,Nick Bellore\BellNi01,SFO,27,lb/lilb,14,10,1,4,0,4,5,1,0,1,0,0,1.0,55,22,
83,Damon Harrison+\HarrDa03,NYG,28,LDT,16,16,0,0,0,0,1,1,0,0,0,0,2.5,55,31,
84,Mike Mitchell\MitcMi99,PIT,29,FS,16,16,1,26,0,26,9,0,0,1,0,0,,55,22,
85,Denzel Perryman\PerrDe00,SDG,23,LB,12,11,1,1,0,1,2,,,,,,2.0,55,16,
86,Glover Quin\QuinGl99,DET,30,FS,16,16,2,0,0,0,5,1,0,0,0,0,,55,13,
87,Jalen Ramsey\RamsJa00,JAX,22,cb/RCB,16,16,2,65,1,35,14,1,0,0,0,0,,55,10,
88,Ryan Shazier*\ShazRy00,PIT,24,LILB,13,12,3,0,0,0,9,3,0,1,0,0,3.5,55,32,
89,Darian Stewart*\StewDa00,DEN,28,FS,16,16,3,36,0,25,6,1,0,1,28,0,,55,13,
90,Adrian Amos\AmosAd00,CHI,23,S,15,14,0,0,0,0,5,1,0,1,21,0,,54,8,
91,Chris Conte\ContCh00,TAM,27,S,14,11,2,73,1,53,5,0,0,1,10,0,,54,10,
92,Sean Davis\DaviSe00,PIT,23,db/nt/s/ss,16,8,1,0,0,0,5,0,0,1,0,0,1.5,54,15,
93,Adam Jones\JonePa20,CIN,33,cb/RCB,16,16,1,2,0,2,7,1,3,1,0,0,,54,12,
94,Khalil Mack*+\MackKh00,OAK,25,DE,16,16,1,6,1,6,3,5,0,3,1,0,11.0,54,19,
95,Brandon Carr\CarrBr99,DAL,30,CB,16,16,1,0,0,0,9,,,,,,,53,8,
96,Joe Thomas\ThomJo04,GNB,25,lb,16,7,1,9,0,9,5,0,1,1,6,0,,53,15,
97,Gerald Hodges\HodgGe00,SFO,25,LB/rilb,15,12,2,27,0,21,2,1,0,1,0,0,3.0,52,28,
98,D'Qwell Jackson\JackDQ20,IND,33,MLB,12,12,0,0,0,0,3,0,0,2,0,0,1.0,52,26,
99,Rashaan Melvin\MelvRa00,IND,27,cb/lcb,15,9,0,0,0,0,7,2,0,1,0,0,,52,8,
100,Josh Norman\NormJo01,WAS,29,CB,16,16,3,38,0,35,19,2,0,0,0,0,,52,15,
101,Ron Parker\ParkRo01,KAN,29,cb/FS,16,16,1,1,0,1,12,2,0,0,0,0,,52,9,
102,Keenan Robinson\RobiKe01,NYG,27,lb/mlb,16,6,0,0,0,0,7,,,,,,,52,27,
103,Artie Burns\BurnAr00,PIT,21,cb/lcb,16,9,3,13,0,9,13,,,,,,,51,13,
104,Brent Grimes\GrimBr20,TAM,33,CB,16,16,4,37,1,31,24,1,0,0,0,0,,51,6,
105,Kareem Jackson\JackKa99,HOU,28,cb/lcb/rcb,14,12,1,42,1,42,4,,,,,,,51,11,
106,Jalen Mills\MillJa02,PHI,22,cb,16,2,0,0,0,0,7,,,,,,,51,10,
107,Lorenzo Alexander*\AlexLo99,BUF,33,LB,16,16,1,28,0,28,6,3,0,0,0,0,12.5,50,14,
108,Robert Alford\AlfoRo00,ATL,28,CB,16,16,2,34,1,30,19,,,,,,,50,9,
109,Ladarius Gunter\GuntLa00,GNB,24,cb/RCB,16,15,0,0,0,0,12,2,0,0,0,0,,50,4,
110,Casey Hayward*\HaywCa00,SDG,27,cb/lcb/RCB,16,14,7,102,1,31,20,,,,,,,50,7,
111,Duke Ihenacho\IhenDu00,WAS,27,fs/s/ss,15,10,0,0,0,0,2,,,,,,,50,10,
112,Lamarcus Joyner\JoynLa00,LAR,26,cb/db,14,8,0,0,0,0,5,1,0,0,0,0,1.0,50,16,
113,Sio Moore\MoorSi00,3TM,26,,9,7,0,0,0,0,1,2,0,0,0,0,,50,15,
114,Reggie Nelson*\NelsRe99,OAK,33,FS/ss,16,16,5,74,0,40,12,0,0,2,0,0,,50,15,
115,Kenny Vaccaro\VaccKe00,NOR,26,s/SS,11,11,2,30,0,30,5,2,0,1,0,0,1.0,50,17,
116,Isa Abdul-Quddus\AbduIs00,MIA,27,S,15,15,2,16,0,9,5,,,,,,1.0,49,28,
117,Clayton Geathers\GeatCl00,IND,24,FS,9,9,0,0,0,0,5,1,0,0,0,0,,49,9,
118,Dwight Lowery\LoweDw99,SDG,30,FS/ss,16,16,1,25,0,25,9,1,0,1,36,1,,49,11,
119,T.J. McDonald\McDoTJ00,LAR,25,SS,16,16,2,0,0,0,6,,,,,,1.0,49,13,
120,Korey Toomer\ToomKo00,SDG,28,LB,13,8,0,0,0,0,2,3,0,1,2,0,1.0,49,22,
121,Danny Trevathan\TrevDa00,CHI,26,LB,9,8,0,0,0,0,4,,,,,,1.0,49,17,
122,Donte Whitner\WhitDo20,WAS,31,s/ss,11,9,,,,,,1,0,0,0,0,,49,17,
123,A.J. Bouye\BouyA.00,HOU,25,cb/lcb/RCB,15,11,1,0,0,0,16,,,,,,1.0,48,14,
124,Tramaine Brock\BrocTr00,SFO,28,LCB,16,16,1,39,0,39,14,1,0,0,0,0,,48,10,
125,Malcolm Butler\ButlMa01,NWE,26,cb/LCB,16,16,4,28,0,21,16,1,0,2,2,0,1.0,48,15,
126,Patrick Chung\ChunPa99,NWE,29,S,16,16,1,4,0,4,3,0,0,1,0,0,1.0,48,39,
127,George Iloka\IlokGe00,CIN,26,FS,16,16,3,21,0,21,7,,,,,,,48,25,
128,Eric Reid\ReidEr00,SFO,25,FS,10,10,1,13,0,13,6,1,0,0,0,0,,48,14,
129,Vincent Rey\ReyxVi00,CIN,29,LB,16,12,1,6,0,6,7,0,0,1,10,0,,48,31,
130,Eric Weddle*\WeddEr99,BAL,31,db/SS,16,16,4,92,0,53,13,1,0,0,0,0,1.0,48,41,
131,James Bradberry\BradJa00,CAR,23,LCB,13,13,2,6,0,5,10,,,,,,,47,12,
132,Kam Chancellor\ChanKa99,SEA,28,SS,12,12,2,5,0,5,8,1,0,0,0,0,,47,34,
133,Ross Cockrell\CockRo00,PIT,25,RCB,16,16,0,0,0,0,14,0,0,1,0,0,,47,15,
134,E.J. Gaines\GainE.00,LAR,24,lcb/RCB,11,10,0,0,0,0,7,1,0,1,0,0,,47,9,
135,Bruce Irvin\IrviBr00,OAK,29,LB,16,16,0,0,0,0,1,6,0,0,0,0,7.0,47,10,
136,Trumaine Johnson\JohnTr05,LAR,26,LCB,14,14,1,0,0,0,11,0,0,1,0,0,,47,10,
137,Daniel Sorensen\SoreDa01,KAN,26,s,16,1,3,48,1,48,6,2,0,3,56,0,1.0,47,7,
138,Prince Amukamara\AmukPr00,JAX,27,LCB/rcb,14,12,0,0,0,0,6,,,,,,,46,3,
139,Melvin Ingram\IngrMe00,SDG,27,LB,16,16,0,0,0,0,5,5,0,0,0,0,8.0,46,14,
140,Jamar Taylor\TaylJa01,CLE,26,CB,15,14,3,43,0,29,13,,,,,,,46,11,
141,Olivier Vernon\VernOl00,NYG,26,DE,16,16,,,,,,1,0,1,0,0,8.5,46,18,
142,Micah Hyde\HydeMi00,GNB,26,cb/de/rcb/s/ss,16,11,3,11,0,11,9,0,1,2,0,0,1.0,45,11,
143,Nevin Lawson\LawsNe00,DET,25,CB,16,16,0,0,0,0,9,,,,,,,45,11,
144,Tony Lippett\LippTo00,MIA,24,CB,16,13,4,0,0,0,10,,,,,,,45,23,
145,Tracy Porter\PortTr99,CHI,30,CB,16,15,2,28,0,25,9,1,0,0,0,0,,45,3,
146,Janoris Jenkins*\JenkJa03,NYG,28,RCB,15,15,3,26,0,23,18,1,1,0,0,0,1.0,44,5,
147,Malcolm Jenkins\JenkMa99,PHI,29,cb/S,16,16,3,98,2,64,9,0,0,1,0,0,1.0,44,25,
148,Karl Joseph\JoseKa00,OAK,23,SS,12,9,1,21,0,21,6,0,0,1,0,0,,44,16,
149,Blake Martinez\MartBl01,GNB,22,LB,13,9,1,4,0,4,4,,,,,,1.0,44,21,
150,Sterling Moore\MoorSt00,NOR,26,CB,13,12,2,8,0,8,13,,,,,,,44,12,
151,Patrick Peterson*\PetePa00,ARI,26,LCB,16,16,3,27,0,25,6,0,1,1,0,0,,44,6,
152,Xavier Rhodes*\RhodXa00,MIN,26,lcb/RCB,14,14,5,133,1,100,10,1,0,0,0,0,,44,8,
153,DeForest Buckner\BuckDe00,SFO,22,dt/LDT/nt,15,15,0,0,0,0,1,0,0,2,0,0,6.0,43,30,
154,Byron Maxwell\MaxwBy00,MIA,28,CB,13,13,2,29,0,27,15,4,0,0,0,0,,43,10,
155,Calvin Pryor\PryoCa00,NYJ,24,SS,15,15,0,0,0,0,6,1,0,0,0,0,,43,17,
156,Darrelle Revis\ReviDa99,NYJ,31,CB,15,15,1,51,0,51,5,,,,,,,43,10,
157,Darius Slay\SlayDa00,DET,25,CB,13,13,2,24,0,13,13,1,0,0,0,0,1.0,43,1,
158,William Gay\GayxWi99,PIT,31,cb/lcb,16,9,1,0,0,0,7,1,0,0,0,0,1.0,42,16,
159,Stephon Gilmore*\GilmSt00,BUF,26,CB,15,15,5,135,0,49,12,,,,,,,42,6,
160,Edwin Jackson\JackEd00,IND,25,LB,16,8,,,,,,,,,,,2.0,42,19,
161,Darron Lee\LeexDa00,NYJ,22,LB,13,9,0,0,0,0,2,,,,,,1.0,42,28,
162,Brian Poole\PoolBr01,ATL,24,CB/de,16,9,1,24,0,24,10,0,0,2,10,0,1.0,42,16,
163,Andrew Sendejo\SendAn00,MIN,29,SS,14,14,2,18,0,16,4,0,1,2,5,0,0.5,42,24,
164,Jimmie Ward\WardJi01,SFO,25,RCB,11,10,1,8,0,8,12,1,0,1,0,0,1.0,42,10,
165,Kyle Williams*\WillKy20,BUF,33,DT,15,15,,,,,,,,,,,5.0,42,22,
166,Shareece Wright\WrigSh00,BAL,29,cb/lcb/rcb,12,9,0,0,0,0,6,0,0,1,0,0,,42,8,
167,Jahleel Addae\AddaJa00,SDG,26,SS,8,8,1,90,1,90,4,,,,,,,41,7,
168,Eli Apple\ApplEl00,NYG,21,cb/db/lcb,14,11,1,0,0,0,7,1,0,2,0,0,,41,8,
169,Ahmad Brooks\BrooAh21,SFO,32,LB/lolb,16,15,0,0,0,0,4,1,0,0,0,0,6.0,41,12,
170,Nolan Carroll\CarrNo00,PHI,29,CB,16,16,1,0,0,0,10,1,0,0,0,0,,41,14,
171,Phillip Gaines\GainPh00,KAN,25,rcb,11,5,1,0,0,0,7,2,0,0,0,0,,41,2,
172,Markus Golden\GoldMa00,ARI,25,lb,16,3,0,0,0,0,1,4,0,1,20,0,12.5,41,10,
173,Brandon Graham\GrahBr99,PHI,28,DE,16,16,0,0,0,0,1,2,0,1,4,0,5.5,41,18,
174,Dominique Rodgers-Cromartie\RodgDo99,NYG,30,LCB/rcb,15,9,6,28,0,28,21,1,0,0,0,0,1.0,41,8,
175,Daimion Stafford\StafDa00,TEN,25,fs/s/ss,15,6,1,4,0,4,2,0,0,1,0,0,1.0,41,10,
176,Ndamukong Suh*\SuhxNd99,MIA,29,de/DT,16,16,0,0,0,0,6,0,0,1,0,0,5.0,41,31,
177,Keith Tandy\TandKe00,TAM,27,s,16,5,4,26,0,28,9,0,0,1,0,0,,41,11,
178,Tavon Young\YounTa01,BAL,22,cb/db/LCB/rcb,16,11,2,22,0,16,8,0,0,1,0,0,,41,9,
179,Kevin Byard\ByarKe01,TEN,23,fs,16,7,0,0,0,0,4,,,,,,1.0,40,11,
180,Jadeveon Clowney*\ClowJa00,HOU,23,DE/lb,14,14,0,0,0,0,2,1,0,0,0,0,6.0,40,12,
181,Ken Crawley\CrawKe02,NOR,23,cb/rcb,15,5,0,0,0,0,8,1,0,1,0,0,,40,3,
182,Cameron Jordan\JordCa00,NOR,27,DE,16,16,0,0,0,0,6,1,0,0,0,0,7.5,40,18,
183,Cre'von LeBlanc\LeBlCr01,CHI,22,CB/de,13,9,2,24,1,24,10,,,,,,,40,4,
184,Corey Nelson\NelsCo00,DEN,24,lb,16,6,0,0,0,0,5,0,0,1,0,0,,40,21,
185,Trae Waynes\WaynTr00,MIN,24,cb/lcb/rcb,15,9,3,4,0,4,11,,,,,,,40,7,
186,James Harrison\HarrJa23,PIT,38,rolb,15,7,1,0,0,0,1,2,0,0,0,0,5.0,39,14,
187,Anthony Hitchens\HitcAn00,DAL,24,lb/MLB,16,16,0,0,0,0,1,,,,,,1.5,39,39,
188,Brandon Marshall\MarsBr01,DEN,27,LB,11,10,0,0,0,0,3,,,,,,,39,13,
189,Quinten Rollins\RollQu00,GNB,24,cb/lcb/rcb,13,10,1,0,0,0,8,,,,,,,39,2,
190,Orlando Scandrick\ScanOr99,DAL,29,CB/lb,12,10,1,0,0,0,8,3,0,0,0,0,2.0,39,7,
191,Buster Skrine\SkriBu00,NYJ,27,CB,14,14,1,51,0,51,6,0,1,0,0,0,1.0,39,8,
192,Nathan Stupar\StupNa01,NOR,28,lb/mlb,16,6,1,0,0,0,2,2,0,2,0,0,1.0,39,9,
193,Shaq Thompson\ThomSh01,CAR,22,LB,14,12,1,12,0,12,5,0,0,2,9,1,,39,15,
194,Wesley Woodyard\WoodWe20,TEN,30,LB,16,10,1,21,0,21,5,,,,,,2.0,39,14,
195,Maurice Alexander\AlexMa00,LAR,25,FS,14,14,2,19,0,19,4,,,,,,1.0,38,12,
196,Tre Boston\BostTr00,CAR,24,FS,15,10,2,29,0,22,7,,,,,,2.0,38,14,
197,Brian Cushing\CushBr99,HOU,29,MLB,13,13,0,0,0,0,1,,,,,,,38,27,
198,Quintin Demps\DempQu99,HOU,31,SS,13,13,6,54,0,19,9,1,0,0,0,0,,38,17,
199,Quandre Diggs\DiggQu00,DET,25,cb,12,4,0,0,0,0,1,1,0,0,0,0,,38,4,
200,Marcus Gilchrist\GilcMa00,NYJ,28,FS,13,13,2,25,0,25,3,1,0,0,0,0,,38,15,
201,Chandler Jones\JoneCh03,ARI,26,LB,16,16,0,0,0,0,3,4,0,2,0,0,11.0,38,11,
202,Johnathan Joseph\JoseJo20,HOU,32,LCB,13,11,0,0,0,0,9,1,0,0,0,0,,38,7,
203,Devon Kennard\KennDe00,NYG,25,LB,16,9,0,0,0,0,1,1,0,1,0,0,1.0,38,20,
204,Captain Munnerlyn\MunnCa99,MIN,28,cb/db/lcb,15,9,0,0,0,0,3,1,0,0,0,0,,38,17,
205,Brian Orakpo*\OrakBr99,TEN,30,LB,16,16,0,0,0,0,4,1,0,0,0,0,10.5,38,8,
206,Sheldon Richardson\RichSh00,NYJ,26,lb,15,14,0,0,0,0,2,1,0,2,0,0,1.5,38,24,
207,Perry Riley\RilePe00,OAK,28,lb/MLB,11,11,0,0,0,0,1,2,0,0,0,0,,38,10,
208,Richard Sherman*\SherRi00,SEA,28,cb/LCB,16,16,4,37,0,31,13,0,0,1,14,0,,38,20,
209,Michael Wilhoite\WilhMi00,SFO,30,lb/rilb,16,6,0,0,0,0,2,1,0,1,0,0,0.5,38,8,
210,Derek Wolfe\WolfDe00,DEN,26,DE,14,14,0,0,0,0,4,,,,,,5.5,38,13,
211,Anthony Barr*\BarrAn00,MIN,24,LB,16,16,0,0,0,0,4,1,0,1,0,0,2.0,37,33,
212,Anthony Brown\BrowAn02,DAL,23,CB/db,16,10,1,0,0,0,8,1,0,0,0,0,,37,14,
213,Perrish Cox\CoxxPe99,TEN,29,CB,11,9,3,3,0,3,11,,,,,,,37,5,
214,William Gholston\GholWi00,TAM,25,DE,14,14,,,,,,1,0,1,0,0,3.5,37,13,
215,Joe Haden\HadeJo99,CLE,27,CB,13,13,3,9,0,9,11,,,,,,,37,11,
216,Linval Joseph*\JoseLi99,MIN,28,NT,16,16,,,,,,3,0,0,0,0,4.0,37,40,
217,Spencer Paysinger\PaysSp00,MIA,28,lb,15,3,0,0,0,0,3,0,0,2,0,0,,37,15,
218,Briean Boddy-Calhoun\BoddBr01,CLE,23,cb/db,14,7,3,94,1,67,11,0,1,0,0,0,1.0,36,4,
219,Aaron Donald*+\DonaAa00,LAR,25,dt/LDT,16,16,0,0,0,0,5,2,0,0,0,0,8.0,36,11,
220,Everson Griffen*\GrifEv99,MIN,29,DE,16,16,0,0,0,0,1,2,0,3,20,1,8.0,36,12,
221,Akiem Hicks\HickAk00,CHI,27,DE,16,16,0,0,0,0,2,2,0,1,0,0,7.0,36,18,
222,Whitney Mercilus\MercWh00,HOU,26,LB,15,15,0,0,0,0,1,1,0,4,7,0,7.5,36,17,
223,Jaquiski Tartt\TartJa00,SFO,24,fs,15,6,0,0,0,0,3,,,,,,1.0,36,13,
224,Leonard Williams*\WillLe02,NYJ,22,,16,16,,,,,,2,0,0,0,0,7.0,36,32,
225,De'Vondre Campbell\CampDe00,ATL,23,LB,11,10,1,7,0,7,7,1,0,0,0,0,,35,13,
226,Neville Hewitt\HewiNe00,MIA,23,lb,16,5,0,0,0,0,1,0,1,1,0,0,1.0,35,22,
227,Dre Kirkpatrick\KirkDr00,CIN,27,LCB,15,14,3,21,0,21,10,,,,,,,35,11,
228,Nick Perry\PerrNi00,GNB,26,lolb/rolb,14,12,1,0,0,0,4,,,,,,11.0,35,17,
229,Marcus Peters*+\PeteMa00,KAN,23,LCB,15,15,6,63,0,28,20,1,0,3,31,0,,35,10,
230,Jason Pierre-Paul\PierJa99,NYG,27,DE,12,12,0,0,0,0,8,3,0,1,43,1,7.0,35,18,
231,Sean Spence\SpenSe00,TEN,26,lb,15,6,0,0,0,0,3,1,0,0,0,0,3.0,35,15,
232,Calais Campbell\CampCa99,ARI,30,DT,16,16,1,1,0,1,6,2,0,3,53,1,8.0,34,19,1
233,Vontae Davis\DaviVo99,IND,28,RCB,14,14,1,0,0,0,10,,,,,,,34,3,
234,Dannell Ellerbe\ElleDa99,NOR,31,LB,9,8,0,0,0,0,2,,,,,,4.0,34,10,
235,Kyle Emanuel\EmanKy00,SDG,25,LB,16,12,0,0,0,0,1,1,0,1,0,0,0.5,34,21,
236,Tashaun Gipson\GipsTa00,JAX,26,FS,16,16,1,30,0,30,2,,,,,,,34,7,
237,David Parry\ParrDa00,IND,24,NT,16,16,,,,,,,,,,,3.0,34,13,
238,Bradley Roby\RobyBr00,DEN,24,cb/lcb,16,4,2,102,2,51,8,1,0,0,0,0,1.0,34,5,
239,Da'Norris Searcy\SearDa00,TEN,28,s/SS,14,14,1,0,0,0,6,0,0,1,0,0,,34,5,
240,Brandon Williams\WillBr02,BAL,27,NT,16,16,0,0,0,0,1,,,,,,1.0,34,17,
241,Antwon Blake\BlakAn00,TEN,26,cb,16,1,0,0,0,0,5,,,,,,,33,5,
242,Troy Hill\HillTr01,LAR,25,cb/rcb,12,4,0,0,0,0,2,,,,,,,33,5,
243,Jeremy Lane\LaneJe00,SEA,26,cb/rcb,16,9,0,0,0,0,3,,,,,,,33,13,
244,Tyrann Mathieu\MathTy00,ARI,24,FS,10,10,1,9,0,5,4,1,0,0,0,0,1.0,33,2,
245,Terence Newman\NewmTe20,MIN,38,LCB,15,9,1,0,0,0,8,,,,,,,33,5,
246,Damarious Randall\RandDa00,GNB,24,LCB,10,9,3,91,0,44,9,,,,,,,33,4,
247,Shane Ray\RayxSh00,DEN,23,LB,16,8,,,,,,1,0,2,18,1,8.0,33,15,
248,Sean Smith\SmitSe99,OAK,29,lcb/RCB,15,15,2,27,0,27,11,,,,,,,33,7,
249,J.J. Wilcox\WilcJ.00,DAL,25,ss,13,4,1,8,0,8,6,1,0,0,0,0,,33,12,
250,Muhammad Wilkerson\WilkMu00,NYJ,27,,15,14,0,0,0,0,3,1,0,0,0,0,4.5,33,25,
251,Vic Beasley*+\BeasVi00,ATL,24,LB,16,12,0,0,0,0,1,6,0,1,21,1,15.5,32,7,
252,Jared Crick\CricJa00,DEN,27,DE,16,15,0,0,0,0,6,2,0,0,0,0,3.0,32,21,
253,Kendall Fuller\FullKe00,WAS,21,cb/de,13,6,0,0,0,0,2,,,,,,,32,8,
254,T.J. Green\GreeT.00,IND,21,fs/ss,15,4,0,0,0,0,2,,,,,,,32,11,
255,D.J. Hayden\HaydDJ00,OAK,26,cb/lcb,11,2,0,0,0,0,6,1,0,0,0,0,,32,5,
256,Danielle Hunter\HuntDa01,MIN,22,,16,0,0,0,0,0,1,1,0,1,24,1,12.5,32,22,1
257,Michael Johnson\JohnMi98,CIN,29,DE,16,16,0,0,0,0,3,,,,,,3.5,32,13,
258,Nick Kwiatkoski\KwiaNi00,CHI,23,lb,14,7,0,0,0,0,2,1,0,0,0,0,1.0,32,10,
259,Bobby McCain\McCaBo01,MIA,23,cb/db,16,8,1,0,0,0,6,1,0,0,0,0,1.0,32,12,
260,Leodis McKelvin\McKeLe99,PHI,31,CB,13,12,2,29,1,29,16,,,,,,,32,11,
261,Danny Shelton\ShelDa01,CLE,23,dt/NT,16,16,,,,,,,,,,,1.5,32,27,
262,John Simon\SimoJo01,HOU,26,lb,11,5,0,0,0,0,2,1,0,0,0,0,3.5,32,19,
263,Aqib Talib*+\TaliAq99,DEN,30,LCB,13,13,3,86,1,46,12,,,,,,,32,11,
264,Vince Williams\WillVi01,PIT,27,lilb,16,4,,,,,,,,,,,2.0,32,8,
265,Rafael Bush\BushRa00,DET,29,cb/fs/s/ss,16,4,2,39,1,39,3,,,,,,1.0,31,17,
266,Jurrell Casey*\CaseJu00,TEN,27,DT,15,15,0,0,0,0,5,,,,,,5.0,31,13,
267,Andre Hal\HalxAn00,HOU,24,FS,15,11,2,36,0,24,7,,,,,,1.0,31,15,
268,William Hayes\HayeWi99,LAR,31,DE,14,14,,,,,,,,,,,5.0,31,12,
269,Dont'a Hightower*\HighDo01,NWE,26,LB,13,13,0,0,0,0,2,1,0,0,0,0,2.5,31,34,1
270,Jerry Hughes\HughJe99,BUF,28,LB,16,15,0,0,0,0,3,1,0,0,0,0,6.0,31,17,
271,Cory James\JameCo00,OAK,23,mlb,16,5,,,,,,1,0,0,0,0,,31,8,
272,Reshad Jones\JoneRe99,MIA,28,s,6,6,1,17,0,17,4,,,,,,0.5,31,20,
273,Albert McClellan\McClAl00,BAL,30,LB,16,11,,,,,,,,,,,1.0,31,21,
274,Rontez Miles\MileRo00,NYJ,28,fs/ss,16,4,,,,,,2,0,0,0,0,,31,18,
275,Josh Shaw\ShawJo00,CIN,24,cb/DB/ss,16,12,1,0,0,0,3,,,,,,,31,16,
276,Erik Walden\WaldEr99,IND,31,LB,16,16,,,,,,3,0,0,0,0,11.0,31,11,
277,Andrew Adams\AdamAn01,NYG,24,FS,14,13,1,19,0,19,5,,,,,,,30,14,
278,Chris Baker\BakeCh99,WAS,29,DE,16,16,0,0,0,0,2,2,0,0,0,0,4.5,30,18,
279,Bryce Callahan\CallBr00,CHI,25,CB/db,11,10,0,0,0,0,5,,,,,,,30,1,
280,Ibraheim Campbell\CampIb00,CLE,24,ss,14,7,,,,,,,,,,,,30,13,
281,Carlos Dunlap*\DunlCa99,CIN,27,DE,16,16,0,0,0,0,15,3,0,0,0,0,8.0,30,19,
282,Jarvis Jones\JoneJa05,PIT,27,ROLB,14,9,1,20,0,20,3,2,0,1,0,0,1.0,30,13,
283,Derrick Kindred\KindDe00,CLE,23,db/ss,12,5,0,0,0,0,5,,,,,,,30,14,
284,Brice McCain\McCaBr99,TEN,30,CB/db,16,10,2,33,0,33,10,,,,,,,30,7,
285,Kawann Short\ShorKa00,CAR,27,RDT,16,16,0,0,0,0,3,1,0,0,0,0,6.0,30,25,
286,Kyle Van Noy\VanNKy00,2TM,25,,14,9,1,0,0,0,3,1,0,0,0,0,1.0,30,20,
287,Joey Bosa\BosaJo00,SDG,21,DE,12,11,,,,,,,,,,,10.5,29,12,
288,Nick Fairley\FairNi00,NOR,28,DT,16,16,,,,,,,,,,,6.5,29,14,
289,Johnathan Hankins\HankJo00,NYG,24,RDT,16,16,,,,,,1,0,0,0,0,3.0,29,14,
290,Xavien Howard\HowaXa00,MIA,23,cb,7,6,0,0,0,0,6,1,0,0,0,0,,29,11,
291,Kemal Ishmael\IshmKe00,ATL,24,lb/s,13,4,0,0,0,0,2,,,,,,,29,20,
292,Corey Liuget\LiugCo00,SDG,26,DT,16,16,0,0,0,0,3,0,0,1,0,0,,29,8,
293,Jimmy Smith\SmitJi03,BAL,28,RCB,11,11,0,0,0,0,4,,,,,,,29,3,
294,Marcus Williams\WillMa03,NYJ,25,cb/db,13,4,2,14,0,14,6,1,0,0,0,0,1.0,29,3,
295,Tyson Alualu\AluaTy99,JAX,29,DE,14,10,,,,,,1,0,0,0,0,2.5,28,8,
296,Jalen Collins\CollJa02,ATL,23,cb,8,6,2,37,0,37,10,,,,,,,28,3,
297,Darqueze Dennard\DennDa00,CIN,25,cb/db/lcb,15,3,0,0,0,0,1,,,,,,,28,13,
298,Malik Jackson\JackMa02,JAX,26,DT,16,16,0,0,0,0,4,0,0,1,0,0,6.5,28,5,
299,Emmanuel Ogbah\OgbaEm00,CLE,23,DE/lb,16,16,0,0,0,0,3,,,,,,6.0,28,25,
300,Daryl Smith\SmitDa24,TAM,34,LB/lt,16,12,1,-5,0,-5,1,0,0,1,0,0,,28,7,
301,Terrell Suggs\SuggTe99,BAL,34,de/LB,15,15,0,0,0,0,4,3,0,0,0,0,8.0,28,7,
302,Stephon Tuitt\TuitSt00,PIT,23,DE/nt,14,14,0,0,0,0,3,2,0,0,0,0,4.0,28,9,
303,Tramon Williams\WillTr99,CLE,33,cb/db/ss,12,7,1,0,0,0,5,0,1,1,0,0,,28,8,
304,Frank Zombo\ZombFr00,KAN,29,lb/ROLB,16,11,0,0,0,0,2,1,0,0,0,0,1.0,28,11,
305,Andre Branch\BranAn00,MIA,27,DE,16,11,0,0,0,0,1,2,0,0,0,0,5.5,27,22,
306,Darius Butler\ButlDa99,IND,30,cb/fs,12,7,3,19,0,19,7,1,0,0,0,0,,27,6,
307,Fletcher Cox*\CoxxFl00,PHI,26,DT,16,16,0,0,0,0,2,1,0,1,0,0,6.5,27,16,
308,Darryl Morris\MorrDa01,IND,26,db/lcb,12,2,1,0,0,0,6,,,,,,,27,7,
309,Antonio Morrison\MorrAn01,IND,22,mlb,16,4,,,,,,,,,,,,27,18,
310,Trent Murphy\MurpTr00,WAS,26,,16,0,0,0,0,0,1,3,0,1,7,0,9.0,27,19,
311,Jordan Poyer\PoyeJo00,CLE,25,fs,6,6,0,0,0,0,2,,,,,,,27,9,
312,Ed Reynolds\ReynEd00,CLE,25,fs/s,10,7,0,0,0,0,1,,,,,,1.0,27,13,
313,Nickell Robey-Coleman\RobeNi00,BUF,24,db,16,3,2,44,1,41,7,1,0,1,36,1,,27,3,
314,Kelvin Sheppard\ShepKe00,NYG,28,MLB,16,11,0,0,0,0,2,,,,,,,27,20,
315,Michael Thomas\ThomMi02,MIA,27,cb/lb/s,16,8,0,0,0,0,1,2,0,1,27,0,1.0,27,12,
316,Alan Branch\BranAl99,NWE,32,de/DT,16,15,0,0,0,0,3,,,,,,1.5,26,23,
317,Josh Bynes\ByneJo00,DET,27,LB,9,8,0,0,0,0,3,,,,,,,26,12,
318,Chad Greenway\GreeCh99,MIN,33,LB,16,9,1,17,0,17,1,,,,,,,26,15,
319,Abry Jones\JoneAb00,JAX,25,DT,15,9,0,0,0,0,1,,,,,,,26,6,
320,Ryan Kerrigan*\KerrRy00,WAS,28,LB,16,16,0,0,0,0,2,2,0,0,0,0,11.0,26,7,
321,Jamie Meder\MedeJa00,CLE,25,DE/dt,16,15,0,0,0,0,1,,,,,,1.0,26,22,
322,Jerraud Powers\PoweJe99,BAL,29,cb/db,13,6,2,1,0,1,5,,,,,,1.0,26,7,
323,Justin Bethel\BethJu00,ARI,26,cb/db,16,3,1,66,1,66,6,1,0,1,0,0,,25,1,
324,Frank Clark\ClarFr01,SEA,23,de,15,5,0,0,0,0,1,2,0,1,27,0,10.0,25,22,
325,Mike Daniels\DaniMi00,GNB,27,DT/nt,16,16,0,0,0,0,1,0,0,1,0,0,4.0,25,8,
326,Dee Ford\FordDe00,KAN,25,LOLB/rolb,15,14,0,0,0,0,2,1,0,0,0,0,10.0,25,13,
327,Rashad Johnson\JohnRa98,TEN,30,fs,14,7,0,0,0,0,1,1,0,0,0,0,,25,13,
328,Gerald McCoy*\McCoGe99,TAM,28,DT,15,15,0,0,0,0,5,2,0,2,0,0,6.5,25,9,
329,Clinton McDonald\McDoCl99,TAM,29,DT,12,12,,,,,,,,,,,3.5,25,11,
330,Bacarri Rambo\RambBa00,MIA,26,s,9,5,1,17,0,17,3,,,,,,,25,14,
331,Elandon Roberts\RobeEl00,NWE,22,lb,13,5,,,,,,1,0,0,0,0,,25,20,
332,Rashard Robinson\RobiRa00,SFO,21,rcb,14,6,1,0,0,0,8,,,,,,,25,3,
333,Ahtyba Rubin\RubiAh99,SEA,30,dt/LDT,16,16,0,0,0,0,1,3,0,0,0,0,1.0,25,14,
334,Desmond Trufant\TrufDe00,ATL,26,CB,9,9,1,9,0,9,4,2,0,0,0,0,2.0,25,5,
335,Michael Bennett*\BennMi99,SEA,31,DE,11,11,,,,,,,,,,,5.0,24,10,
336,NaVorro Bowman\BowmNa99,SFO,28,lb,4,4,1,0,0,0,2,1,0,0,0,0,1.0,24,11,
337,Tyvon Branch\BranTy99,ARI,30,db,7,5,0,0,0,0,4,,,,,,,24,3,
338,Malcom Brown\BrowMa01,NWE,22,DT,16,13,,,,,,1,0,0,0,0,3.0,24,26,1
339,Morris Claiborne\ClaiMo00,DAL,26,cb,7,7,1,27,0,27,5,0,0,1,0,0,,24,2,
340,Marcell Dareus\DareMa00,BUF,26,nt,8,7,0,0,0,0,1,,,,,,3.5,24,15,
341,Quinton Dial\DialQu00,SFO,26,nt/RDT,14,11,0,0,0,0,2,,,,,,,24,12,
342,Leger Douzable\DouzLe00,BUF,30,de/dt/nt,16,5,0,0,0,0,1,,,,,,1.5,24,19,
343,Justin Durant\DuraJu99,DAL,31,,13,0,0,0,0,0,3,,,,,,1.0,24,13,
344,Dominique Easley\EaslDo00,LAR,24,,16,0,0,0,0,0,1,2,0,0,0,0,3.5,24,11,
345,Brandon Flowers\FlowBr99,SDG,30,lcb,6,6,1,33,1,33,5,,,,,,,24,4,
346,Tamba Hali\HaliTa20,KAN,33,lolb/rolb,16,2,,,,,,0,0,1,0,0,3.5,24,10,
347,Anthony Harris\HarrAn01,MIN,24,fs/ss,16,3,0,0,0,0,1,0,0,1,0,0,,24,11,
348,Josh Mauro\MaurJo00,ARI,25,DT/nt,15,13,0,0,0,0,1,,,,,,,24,8,
349,Derrick Morgan\MorgDe99,TEN,27,LB,15,15,0,0,0,0,1,,,,,,9.0,24,9,
350,Adrian Phillips\PhilAd00,SDG,24,fs/ss,14,5,1,22,0,22,3,,,,,,,24,11,
351,Earl Thomas\ThomEa99,SEA,27,FS,11,11,2,5,0,5,10,0,0,1,34,1,,24,22,
352,B.W. Webb\WebbBW00,NOR,26,cb/db,14,7,1,7,0,7,11,,,,,,,24,3,
353,Will Blackmon\BlacWi20,WAS,32,fs,15,6,1,79,0,79,3,1,0,0,0,0,0.5,23,16,
354,Su'a Cravens\CravSu00,WAS,21,mlb/s,11,3,1,2,0,2,5,,,,,,1.0,23,10,
355,Quinton Dunbar\DunbQu00,WAS,24,cb,14,2,1,0,0,0,5,0,1,1,0,0,1.0,23,2,
356,Trey Flowers\FlowTr00,NWE,23,de,16,8,0,0,0,0,1,0,0,2,-3,0,7.0,23,22,
357,Leonard Floyd\FloyLe00,CHI,24,LB,12,12,0,0,0,0,2,1,0,1,0,1,7.0,23,10,1
358,Dante Fowler\FowlDa00,JAX,22,de,16,1,0,0,0,0,5,,,,,,4.0,23,9,
359,Jacoby Glenn\GlenJa01,CHI,23,cb,7,3,1,21,0,21,6,1,0,0,0,0,,23,3,
360,Michael Griffin\GrifMi99,CAR,31,fs/ss,13,6,,,,,,,,,,,,23,12,
361,Eli Harold\HaroEl00,SFO,22,LB/rolb,16,13,0,0,0,0,1,1,0,1,19,0,3.0,23,14,
362,Kerry Hyder\HydeKe01,DET,25,de,16,2,0,0,0,0,1,0,0,1,0,0,8.0,23,13,
363,Preston Smith\SmitPr00,WAS,24,LB,16,16,1,22,0,22,3,,,,,,5.0,23,16,
364,Damien Wilson\WilsDa02,DAL,23,lb,16,5,0,0,0,0,1,,,,,,0.5,23,7,
365,Mario Addison\AddiMa00,CAR,29,de,14,1,0,0,0,0,1,2,0,1,0,0,9.5,22,4,1
366,Jude Adjei-Barimah\AdjeJu00,TAM,,lb,10,1,0,0,0,0,2,1,0,0,0,0,2.0,22,0,
367,Denico Autry\AutrDe00,OAK,26,de/dt,16,7,0,0,0,0,2,0,0,2,0,0,3.0,22,7,
368,Duron Harmon\HarmDu00,NWE,25,db,16,4,1,0,0,0,2,1,0,1,0,0,,22,5,
369,Roman Harper\HarpRo21,NOR,34,s/ss,16,4,,,,,,,,,,,,22,3,
370,Jordan Jenkins\JenkJo01,NYJ,22,LB,14,11,0,0,0,0,2,1,0,1,0,0,2.5,22,17,
371,Leonard Johnson\JohnLe03,CAR,26,,10,0,0,0,0,0,1,,,,,,1.0,22,8,
372,Jason Jones\JoneJa99,MIA,30,de,14,5,0,0,0,0,2,0,0,1,0,0,3.5,22,14,
373,Chris Long\LongCh99,NWE,31,de,16,7,0,0,0,0,3,1,0,1,0,0,4.0,22,13,
374,A'Shawn Robinson\RobiAS00,DET,21,dt,16,5,0,0,0,0,7,,,,,,2.0,22,8,
375,Trevin Wade\WadeTr00,NYG,27,cb/lcb,16,2,0,0,0,0,3,0,0,2,11,1,,22,2,
376,Cameron Wake*\WakeCa00,MIA,34,DE,16,11,1,12,0,12,2,5,0,0,0,0,11.5,22,7,
377,Jaylen Watkins\WatkJa01,PHI,24,db/s,16,4,0,0,0,0,3,,,,,,,22,8,
378,Ezekiel Ansah\AnsaEz00,DET,27,DE,13,13,,,,,,,,,,,2.0,21,14,
379,Geno Atkins*\AtkiGe99,CIN,28,DT,16,16,,,,,,,,,,,9.0,21,11,
380,Robert Ayers\AyerRo99,TAM,31,DE,12,10,0,0,0,0,1,1,0,0,0,0,6.5,21,8,
381,Grady Jarrett\JarrGr00,ATL,23,DT,16,14,,,,,,0,0,1,0,0,3.0,21,27,
382,Terrell McClain\McClTe00,DAL,28,DT,15,15,,,,,,2,0,0,0,0,2.5,21,18,
383,Coty Sensabaugh\SensCo00,2TM,28,,13,2,,,,,,1,0,0,0,0,,21,3,
384,Devin Taylor\TaylDe00,DET,27,DE,16,16,0,0,0,0,1,1,0,0,0,0,4.5,21,7,1
385,Sean Weatherspoon\WeatSe99,ATL,29,lb,4,3,,,,,,,,,,,,21,6,
386,Corey White\WhitCo01,BUF,26,cb/s,15,4,2,0,0,0,4,,,,,,,21,7,
387,Trevor Williams\WillTr05,SDG,23,cb/lb/lcb,12,5,0,0,0,0,5,0,0,1,0,0,,21,2,
388,Willie Young\YounWi99,CHI,31,LB,16,12,0,0,0,0,2,1,0,0,0,0,7.5,21,17,
389,Nate Allen\AlleNa99,OAK,29,ss,14,4,2,5,0,4,3,,,,,,,20,6,
390,Cliff Avril*\AvriCl99,SEA,30,DE,16,16,0,0,0,0,3,5,0,0,0,0,11.5,20,19,
391,Shaquil Barrett\BarrSh00,DEN,24,,16,0,0,0,0,0,2,1,0,0,0,0,1.5,20,11,
392,Connor Barwin\BarwCo99,PHI,30,DE,16,16,0,0,0,0,2,1,0,0,0,0,5.0,20,14,
393,David Bruton\BrutDa99,WAS,29,ss,4,4,0,0,0,0,2,,,,,,1.0,20,7,
394,Glenn Dorsey\DorsGl99,SFO,31,nt/rdt,12,7,,,,,,,,,,,1.0,20,4,
395,Robert Golden\GoldRo00,PIT,26,ss,13,8,0,0,0,0,1,0,0,1,21,0,,20,12,
396,Letroy Guion\GuioLe99,GNB,29,de/NT,15,15,0,0,0,0,1,,,,,,,20,10,
397,Leon Hall\HallLe98,NYG,32,cb/db,12,2,1,29,0,29,2,1,0,0,0,0,2.0,20,10,
398,Justin Houston\HousJu00,KAN,27,lb/lolb,5,5,0,0,0,0,1,1,0,0,0,0,4.0,20,1,
399,Mychal Kendricks\KendMy00,PHI,26,LB,15,8,0,0,0,0,1,0,0,1,15,0,,20,8,
400,Paul Kruger\KrugPa99,NOR,30,DE,15,13,0,0,0,0,1,1,0,2,1,0,1.5,20,5,1
401,Clay Matthews\MattCl99,GNB,30,lb/lolb/rolb,12,9,0,0,0,0,3,1,0,0,0,0,5.0,20,4,
402,Kelcie McCray\McCrKe00,SEA,28,ss,16,4,0,0,0,0,1,,,,,,,20,15,
403,Tony McDaniel\McDaTo20,SEA,31,dt/rdt,16,11,0,0,0,0,3,0,0,1,0,0,,20,23,
404,Steve McLendon\McLeSt00,NYJ,30,,11,10,,,,,,1,0,0,0,0,3.5,20,8,
405,Yannick Ngakoue\NgakYa00,JAX,21,DE/lb,16,15,1,9,0,9,2,4,0,0,0,0,8.0,20,3,
406,Keith Reaser\ReasKe00,SFO,25,,15,0,0,0,0,0,5,2,0,0,0,0,,20,3,
407,Eric Rowe\RoweEr00,NWE,24,db/rcb,9,7,1,0,0,0,8,,,,,,,20,6,
408,Jabaal Sheard\SheaJa00,NWE,27,DE,15,8,0,0,0,0,4,,,,,,5.0,20,13,
409,Justin Simmons\SimmJu00,DEN,23,s/ss,13,3,2,83,0,45,4,,,,,,1.0,20,4,
410,Brandon Williams\WillBr07,ARI,24,rcb,13,3,0,0,0,0,3,,,,,,,20,3,
411,Sylvester Williams\WillSy00,DEN,28,NT,16,16,0,0,0,0,1,,,,,,1.0,20,9,
412,T.J. Carrie\CarrTr00,OAK,26,cb/rcb,16,3,1,14,0,14,4,1,0,1,0,0,,19,3,
413,Anthony Chickillo\ChicAn00,PIT,24,lolb,15,7,,,,,,2,0,0,0,0,2.5,19,5,
414,Adrian Clayborn\ClayAd00,ATL,28,de,13,7,0,0,0,0,1,0,0,1,5,1,5.0,19,3,
415,Bud Dupree\DuprAl00,PIT,23,de/lolb,7,4,0,0,0,0,1,1,0,0,0,0,4.5,19,5,
416,Kony Ealy\EalyKo00,CAR,25,de,16,6,1,7,0,7,3,2,0,0,0,0,5.0,19,13,
417,Craig Mager\MageCr00,SDG,24,cb/lcb/rcb,11,8,1,8,0,8,4,0,0,1,0,0,,19,11,
418,Robert McClain\McClRo98,2TM,28,,14,6,0,0,0,0,1,,,,,,0.5,19,15,
419,Michael Pierce\PierMi00,BAL,24,dt,16,1,0,0,0,0,1,,,,,,2.0,19,16,
420,Darryl Roberts\RobeDa00,NYJ,26,db/lb,12,2,0,0,0,0,6,0,1,0,0,0,,19,2,
421,Patrick Robinson\RobiPa99,IND,29,lcb,7,6,0,0,0,0,5,1,0,0,0,0,,19,7,
422,Robert Blanton\BlanRo00,BUF,27,s,10,2,,,,,,,,,,,,18,8,
423,Delvin Breaux\BreaDe00,NOR,27,cb,6,6,0,0,0,0,1,,,,,,,18,3,
424,Aaron Colvin\ColvAa00,JAX,25,cb/lb/lcb/t,10,4,,,,,,,,,,,1.0,18,4,
425,Vinny Curry\CurrVi00,PHI,28,,16,0,,,,,,,,,,,2.5,18,8,
426,Javon Hargrave\HargJa00,PIT,23,NT,15,13,,,,,,0,0,1,0,1,2.0,18,9,
427,Jaye Howard\HowaJa00,KAN,28,de,8,5,,,,,,,,,,,1.0,18,5,
428,Cam Johnson\JohnCa01,CLE,26,LB,12,9,0,0,0,0,1,2,0,0,0,0,3.0,18,11,
429,Kevin Johnson\JohnKe04,HOU,24,cb/rcb,6,3,0,0,0,0,3,0,0,1,53,0,,18,3,
430,Sen'Derrick Marks\MarkSe99,JAX,29,dt,16,1,0,0,0,0,1,0,0,1,0,0,3.5,18,4,
431,Dexter McCoil\McCoDe00,SDG,25,ss,16,2,1,0,0,0,5,,,,,,,18,4,
432,Corey Moore\MoorCo00,HOU,,fs/ss,16,8,0,0,0,0,3,,,,,,,18,5,
433,Dontari Poe\PoexDo00,KAN,26,NT,16,16,0,0,0,0,3,1,0,0,0,0,1.5,18,9,
434,Brian Robison\RobiBr98,MIN,33,DE/ldt,16,16,0,0,0,0,1,3,0,0,0,0,7.5,18,10,
435,Eugene Sims\SimsEu99,LAR,30,DE,16,8,0,0,0,0,1,0,0,1,0,0,2.5,18,7,
436,Ethan Westbrooks\WestEt00,LAR,26,de,16,2,0,0,0,0,1,0,0,1,77,1,2.0,18,6,
437,Kentrell Brice\BricKe00,GNB,22,ss,16,1,0,0,0,0,1,0,0,1,0,0,,17,3,
438,Donald Butler\ButlDo99,MIA,28,lb,14,5,,,,,,,,,,,,17,11,
439,Maliek Collins\CollMa00,DAL,21,de/DT,16,14,,,,,,1,0,1,0,0,5.0,17,6,
440,Cameron Heyward\HeywCa01,PIT,27,de,7,7,0,0,0,0,4,0,0,1,1,0,3.0,17,4,
441,Evander Hood\HoodEv99,WAS,29,de/NT,16,14,0,0,0,0,3,1,0,0,0,0,1.0,17,16,
442,Ricky Jean-Francois\JeanRi99,WAS,30,de,16,7,0,0,0,0,1,,,,,,1.5,17,15,
443,Chris Jones\JoneCh09,KAN,22,DE,16,11,0,0,0,0,4,,,,,,2.0,17,11,
444,DaQuan Jones\JoneDa04,TEN,25,DE/nt,16,16,,,,,,0,0,1,0,1,1.5,17,9,
445,Datone Jones\JoneDa03,GNB,26,de/lolb,15,4,0,0,0,0,2,,,,,,1.0,17,5,
446,Rey Maualuga\MauaRe99,CIN,29,lb/mlb,14,6,1,9,0,9,2,,,,,,,17,10,
447,Brandon Mebane\MebaBr99,SDG,31,NT,10,10,1,5,0,5,1,,,,,,1.0,17,4,
448,Terrance Mitchell\MitcTe00,KAN,24,cb/rcb,7,2,0,0,0,0,6,,,,,,,17,2,
449,Rob Ninkovich\NinkRo20,NWE,32,de/LB,12,11,0,0,0,0,2,2,0,0,0,0,4.0,17,15,
450,Domata Peko\PekoDo20,CIN,32,NT,16,16,0,0,0,0,3,0,0,1,0,0,,17,20,
451,Mike Purcell\PurcMi00,SFO,25,nt,15,5,,,,,,1,0,0,0,0,,17,9,
452,LeShaun Sims\SimsLe00,TEN,23,cb,13,2,1,0,0,0,3,0,0,2,0,0,,17,1,
453,Shamar Stephen\StepSh00,MIN,25,DT,16,16,0,0,0,0,1,0,0,1,0,0,,17,22,
454,Philip Wheeler\WheePh99,ATL,32,lb,16,4,,,,,,,,,,,,17,10,
455,Steve Williams\WillSt02,2TM,25,,6,2,0,0,0,0,2,,,,,,,17,1,
456,Sam Acho\AchoSa00,CHI,28,lb,16,6,0,0,0,0,1,1,0,0,0,0,1.0,16,9,
457,Kenneth Acker\AckeKe00,KAN,24,rcb,9,1,0,0,0,0,3,,,,,,,16,0,
458,Johnson Bademosi\BadeJo00,DET,26,cb,16,3,1,3,0,3,5,,,,,,,16,2,
459,Deon Bush\BushDe00,CHI,23,s,11,6,0,0,0,0,1,,,,,,,16,5,
460,Christian Covington\CoviCh00,HOU,23,de,16,5,0,0,0,0,1,,,,,,1.0,16,10,
461,Tyrone Crawford\CrawTy00,DAL,27,DE/dt,14,13,,,,,,0,0,2,0,0,4.5,16,13,
462,Myles Jack\JackMy00,JAX,21,lb/rcb/t,16,10,0,0,0,0,2,,,,,,0.5,16,6,
463,Timmy Jernigan\JernTi00,BAL,24,DT,16,15,1,0,0,0,3,0,1,1,1,0,5.0,16,15,
464,Chris Jones\JoneCh04,2TM,26,,13,6,,,,,,,,,,,,16,7,
465,A.J. Klein\KleiAJ00,CAR,25,lb/mlb,15,7,0,0,0,0,1,2,0,0,0,0,1.0,16,13,
466,DeAndre Levy\LevyDe99,DET,29,lb,5,3,0,0,0,0,1,,,,,,,16,5,
467,Bennie Logan\LogaBe00,PHI,27,DT,13,13,,,,,,2,0,1,0,0,2.5,16,8,
468,Shea McClellin\McClSh00,NWE,27,lb,14,4,,,,,,0,0,2,69,0,1.0,16,23,
469,Noah Spence\SpenNo00,TAM,22,de,16,3,0,0,0,0,2,3,0,0,0,0,5.5,16,6,
470,Jihad Ward\WardJi02,OAK,22,DE/dt,16,13,,,,,,0,0,1,0,0,,16,14,
471,Beau Allen\AlleBe00,PHI,25,dt,16,3,,,,,,0,0,1,10,0,0.5,15,14,
472,Jonathan Bullard\BullJo00,CHI,23,de,14,1,,,,,,,,,,,1.0,15,3,
473,Justin Ellis\ElliJu01,OAK,26,nt,16,4,,,,,,,,,,,,15,6,
474,Jelani Jenkins\JenkJe00,MIA,24,lb,9,7,0,0,0,0,1,,,,,,,15,14,
475,Arthur Jones\JoneAr22,IND,30,DT,8,8,,,,,,,,,,,,15,15,
476,Mike Jordan\JordMi00,LAR,24,rcb,5,2,0,0,0,0,2,0,0,1,0,0,,15,5,
477,Miles Killebrew\KillMi00,DET,23,,16,0,1,7,0,7,1,,,,,,,15,5,
478,Justin March-Lillard\MarcJu00,KAN,23,rilb,5,5,0,0,0,0,2,,,,,,,15,7,
479,Robert Mathis\MathRo20,IND,35,LB/rb,14,12,,,,,,3,0,2,14,1,5.0,15,5,
480,Benson Mayowa\MayoBe00,DAL,25,de,13,6,,,,,,1,0,1,0,0,6.0,15,10,
481,Carl Nassib\NassCa00,CLE,23,de,14,3,0,0,0,0,4,,,,,,2.5,15,5,
482,Julius Peppers\PeppJu99,GNB,36,lolb/rolb,16,11,0,0,0,0,3,2,0,1,0,0,7.5,15,8,
483,Sheldon Rankins\RankSh00,NOR,22,,9,0,,,,,,1,0,0,0,0,4.0,15,5,
484,Kendall Reyes\ReyeKe00,2TM,27,,11,0,0,0,0,0,1,,,,,,1.0,15,5,
485,Pat Sims\SimsPa99,CIN,31,,16,0,,,,,,,,,,,1.5,15,22,
486,Dan Skuta\SkutDa00,JAX,30,lb,13,2,0,0,0,0,1,,,,,,,15,3,
487,Tyrunn Walker\WalkTy00,DET,26,DT,15,8,,,,,,0,0,1,0,0,,15,11,
488,Jonathan Babineaux\BabiJo20,ATL,35,dt,16,6,,,,,,,,,,,,14,8,
489,Nat Berhe\BerhNa00,NYG,25,fs,7,2,0,0,0,0,1,1,0,0,0,0,,14,4,
490,Michael Brockers\BrocMi00,LAR,26,dt/RDT,14,14,0,0,0,0,2,,,,,,,14,5,
491,Max Bullough\BullMa00,HOU,24,mlb,16,3,,,,,,,,,,,,14,5,
492,Antonio Cromartie\CromAn20,IND,32,lcb/rcb,4,4,0,0,0,0,2,,,,,,,14,0,
493,Lawrence Guy\GuyxLa00,BAL,26,DE,16,10,,,,,,1,0,1,0,0,1.0,14,14,
494,Charles Johnson\JohnCh98,CAR,30,DE,13,13,0,0,0,0,2,3,0,0,0,0,4.0,14,12,
495,Star Lotulelei\LotuSt00,CAR,27,LDT,16,16,0,0,0,0,1,1,0,0,0,0,4.0,14,12,
496,Stacy McGee\McGeSt01,OAK,26,de/dt/nt,9,9,,,,,,2,0,0,0,0,2.5,14,3,
497,Rakeem Nunez-Roches\NuneRa00,KAN,23,de,11,5,,,,,,,,,,,1.0,14,9,
498,Eddie Pleasant\PleaEd00,HOU,28,,14,0,0,0,0,0,5,,,,,,,14,3,
499,Brooks Reed\ReedBr00,ATL,29,de,15,7,0,0,0,0,1,1,0,0,0,0,2.0,14,7,
500,Julian Stanford\StanJu00,NYJ,26,lb,9,2,,,,,,,,,,,,14,5,
501,Steven Terrell\TerrSt00,SEA,26,fs,16,5,0,0,0,0,1,0,0,1,0,0,,14,9,
502,Khyri Thornton\ThorKh00,DET,27,dt,13,6,,,,,,,,,,,1.0,14,5,
503,John Timu\TimuJo00,CHI,24,lb,11,4,0,0,0,0,1,,,,,,,14,3,
504,Greg Toler\ToleGr99,WAS,31,cb/db,16,2,0,0,0,0,2,0,0,1,0,0,,14,2,
505,Courtney Upshaw\UpshCo00,ATL,27,dt,13,5,0,0,0,0,1,1,0,1,0,0,0.5,14,9,
506,Cornelius Washington\WashCo00,CHI,27,de,15,2,0,0,0,0,1,,,,,,2.0,14,6,
507,Al Woods\WoodAl99,TEN,29,nt,12,7,,,,,,,,,,,,14,4,
508,Kenny Clark\ClarKe01,GNB,21,de/nt,16,2,0,0,0,0,2,0,0,2,2,0,,13,8,
509,Jack Crawford\CrawJa00,DAL,28,DE,16,11,,,,,,,,,,,3.5,13,12,
510,Jeff Heath\HeatJe00,DAL,25,,16,0,1,19,0,19,2,,,,,,,13,4,
511,Davon House\HousDa00,JAX,27,lcb,16,4,,,,,,,,,,,,13,3,
512,Karl Klug\KlugKa00,TEN,28,de/dt,14,2,0,0,0,0,1,,,,,,1.5,13,13,
513,Pernell McPhee\McPhPe00,CHI,28,,9,0,,,,,,1,0,0,0,0,4.0,13,3,
514,Jordan Phillips\PhilJo01,MIA,24,de/DT,16,11,1,17,0,17,3,,,,,,0.5,13,10,
515,Chris Prosinski\ProsCh00,CHI,29,s,16,1,0,0,0,0,1,,,,,,,13,5,
516,Jarran Reed\ReedJa02,SEA,24,dt/rdt,15,5,0,0,0,0,3,,,,,,1.5,13,21,
517,LaRoy Reynolds\ReynLa00,ATL,26,lb,16,3,,,,,,0,0,1,0,0,,13,10,
518,Martrell Spaight\SpaiMa00,WAS,23,mlb,14,1,1,8,0,8,1,,,,,,,13,5,
519,Aaron Williams\WillAa00,BUF,26,s,7,5,0,0,0,0,5,0,0,1,53,1,,13,7,
520,Stephone Anthony\AnthSt00,NOR,24,lb/mlb,10,3,,,,,,,,,,,,12,3,
521,Akeem Ayers\AyerAk00,IND,27,,16,0,1,25,0,25,2,,,,,,2.0,12,6,
522,Trent Cole\ColeTr20,IND,34,lb,7,4,0,0,0,0,1,,,,,,2.0,12,5,
523,Eddie Goldman\GoldEd00,CHI,22,nt,6,5,0,0,0,0,1,,,,,,2.5,12,6,
524,Erin Henderson\HendEr99,NYJ,30,lb,5,4,,,,,,,,,,,,12,7,
525,Tracy Howard\HowaTr02,CLE,22,fs,15,3,0,0,0,0,1,,,,,,,12,4,
526,Demontre Hurst\HursDe00,CHI,25,cb,10,1,1,0,0,0,2,,,,,,1.0,12,0,
527,David Irving\IrviDa00,DAL,23,de/dt,15,2,0,0,0,0,5,4,0,1,0,0,4.0,12,5,
528,Jarvis Jenkins\JenkJa01,2TM,28,,16,1,,,,,,,,,,,,12,2,
529,Matt Judon\JudoMa00,BAL,24,,14,0,0,0,0,0,2,0,0,1,3,0,4.0,12,15,
530,Aaron Lynch\LyncAa00,SFO,23,lb/rolb,7,3,,,,,,,,,,,1.5,12,1,
531,Cassius Marsh\MarsCa00,SEA,24,lb,16,1,,,,,,1,0,1,0,0,3.0,12,6,
532,Will Parks\ParkWi01,DEN,22,,16,0,1,1,0,1,3,0,0,1,0,0,,12,5,
533,Corey Peters\PeteCo00,ARI,28,dt/NT,15,14,,,,,,,,,,,,12,9,1
534,Trovon Reed\ReedTr00,SDG,26,cb,6,1,2,6,0,3,2,,,,,,,12,0,
535,Kevon Seymour\SeymKe00,BUF,23,cb,15,3,0,0,0,0,3,,,,,,,12,2,
536,Deon Simon\SimoDe00,NYJ,26,,16,0,,,,,,,,,,,1.5,12,11,
537,Darryl Tapp\TappDa20,NOR,32,de,16,2,,,,,,0,0,1,0,0,0.5,12,5,
538,Cedric Thornton\ThorCe00,DAL,28,,13,0,0,0,0,0,1,1,0,1,1,0,1.5,12,10,
539,Mitch Unrein\UnreMi00,CHI,29,DE,13,9,,,,,,,,,,,1.0,12,14,
540,Adolphus Washington\WashAd00,BUF,22,DE,15,11,0,0,0,0,1,,,,,,2.5,12,9,
541,Antwione Williams\WillAn01,DET,23,lb/mlb,14,3,,,,,,0,1,1,0,0,,12,8,
542,Paul Worrilow\WorrPa00,ATL,26,lb,12,1,0,0,0,0,2,0,0,2,0,0,,12,6,
543,De'Vante Bausby\BausDe00,CHI,23,,4,0,,,,,,,,,,,,11,1,
544,Ronald Blair\BlaiRo00,SFO,23,,15,0,,,,,,,,,,,3.0,11,5,
545,Ron Brooks\BrooRo01,PHI,28,cb,6,5,0,0,0,0,1,0,0,1,0,0,,11,1,
546,Xavier Cooper\CoopXa00,CLE,25,de,13,2,,,,,,,,,,,,11,9,
547,Blake Countess\CounBl00,LAR,23,cb,5,2,,,,,,,,,,,1.0,11,8,
548,Wallace Gilberry\GilbWa00,2TM,32,,9,1,,,,,,,,,,,2.5,11,4,
549,Ra'Shede Hageman\HageRa00,ATL,26,de/dt,12,4,0,0,0,0,1,,,,,,2.0,11,7,
550,Ben Heeney\HeenBe00,OAK,24,mlb,4,2,,,,,,,,,,,,11,2,
551,Charles James\JameCh00,2TM,26,,13,0,0,0,0,0,1,0,1,0,0,0,,11,3,
552,Tom Johnson\JohnTo01,MIN,32,,15,0,1,4,0,4,1,0,1,0,0,0,2.0,11,6,
553,Zach Kerr\KerrZa00,IND,26,dt,12,4,,,,,,0,0,1,0,0,2.5,11,8,
554,Keith McGill\McGiKe00,OAK,27,ss,16,2,0,0,0,0,1,,,,,,,11,5,
555,Koa Misi\MisiKo99,MIA,29,lb,3,2,,,,,,,,,,,,11,11,
556,Earl Mitchell\MitcEa99,MIA,29,dt,9,5,,,,,,,,,,,,11,6,
557,Haloti Ngata\NgatHa20,DET,32,DT,13,13,0,0,0,0,3,,,,,,1.5,11,11,
558,David Onyemata\OnyeDa00,NOR,24,,16,0,,,,,,,,,,,,11,7,
559,Joe Schobert\SchoJo00,CLE,23,lb,16,4,0,0,0,0,1,,,,,,,11,5,
560,Manti Te'o\TeoxMa00,SDG,25,lb,3,3,,,,,,,,,,,,11,6,
561,Cam Thomas\ThomCa99,LAR,30,rdt,16,2,,,,,,,,,,,1.0,11,4,
562,Vincent Valentine\ValeVi00,NWE,22,dt,13,2,,,,,,,,,,,1.0,11,8,
563,Alterraun Verner\VernAl99,TAM,28,cb,16,3,1,16,0,16,7,,,,,,,11,1,
564,Jason Verrett\VerrJa00,SDG,25,lcb/rcb,4,4,1,0,0,0,3,0,0,1,0,0,,11,2,
565,Nick Vigil\VigiNi00,CIN,23,,16,0,0,0,0,0,1,,,,,,,11,3,
566,Dan Williams\WillDa99,OAK,29,dt/NT,16,11,0,0,0,0,1,,,,,,0.5,11,6,
567,Tank Carradine\CarrCo00,SFO,27,,13,0,,,,,,,,,,,,10,8,
568,Will Clarke\ClarWi00,CIN,25,,16,0,0,0,0,0,1,,,,,,4.0,10,5,
569,Demetri Goodson\GoodDe00,GNB,27,lcb,6,3,0,0,0,0,1,,,,,,,10,4,
570,DeAngelo Hall\HallDe99,WAS,33,fs,3,3,0,0,0,0,1,,,,,,,10,6,
571,Cullen Jenkins\JenkCu20,WAS,35,,15,0,,,,,,,,,,,1.0,10,5,
572,Daniel McCullers\McCuDa00,PIT,24,rilb,16,1,0,0,0,0,1,,,,,,1.0,10,7,
573,Roy Miller\MillRo99,JAX,29,dt,6,6,,,,,,,,,,,,10,0,
574,Za'Darius Smith\SmitZa00,BAL,24,de/lb,13,4,0,0,0,0,1,1,0,0,0,0,1.0,10,10,
575,Akeem Spence\SpenAk00,TAM,25,dt,16,4,,,,,,,,,,,0.5,10,9,
576,D.J. White\WhitD.00,KAN,23,,11,0,1,0,0,0,3,,,,,,,10,1,
577,Anthony Zettel\ZettAn00,DET,24,,13,0,,,,,,,,,,,1.0,10,3,
578,Henry Anderson\AndeHe00,IND,25,dt,11,2,0,0,0,0,2,0,0,1,0,0,,9,3,
579,Thurston Armbrister\ArmbTh00,DET,28,lb,14,2,,,,,,,,,,,,9,0,
580,Arik Armstead\ArmsAr01,SFO,23,ldt,8,4,,,,,,1,0,0,0,0,2.5,9,6,
581,Jay Bromley\BromJa00,NYG,24,,15,0,,,,,,,,,,,1.0,9,5,
582,Juston Burris\BurrJu00,NYJ,23,cb,16,1,1,0,0,0,5,,,,,,,9,1,
583,Tyeler Davison\DaviTy01,NOR,24,de/DT,15,15,0,0,0,0,2,,,,,,,9,14,
584,Elvis Dumervil\DumeEl20,BAL,32,lb,8,3,,,,,,2,0,1,0,0,3.0,9,2,
585,James Ihedigbo\IhedJa00,BUF,33,s,4,3,0,0,0,0,1,,,,,,,9,6,
586,DaVonte Lambert\LambDa01,TAM,22,de,11,5,,,,,,1,0,0,0,0,,9,5,
587,James Laurinaitis\LaurJa99,NOR,30,mlb,6,4,0,0,0,0,1,0,0,1,0,0,,9,8,
588,Arthur Moats\MoatAr00,PIT,28,lolb,16,5,0,0,0,0,3,,,,,,3.5,9,10,
589,Jared Odrick\OdriJa99,JAX,29,de,6,6,0,0,0,0,1,1,0,0,0,0,1.0,9,3,
590,Romeo Okwara\OkwaRo01,NYG,21,de,16,4,0,0,0,0,2,,,,,,1.0,9,12,
591,Marcus Smith\SmitMa03,PHI,24,,16,0,,,,,,,,,,,2.5,9,3,
592,Destiny Vaeao\VaeaDe01,PHI,22,,16,0,,,,,,1,0,0,0,0,2.0,9,6,
593,DeMarcus Ware\WareDe99,DEN,34,LB,10,8,0,0,0,0,1,,,,,,4.0,9,6,
594,Vince Wilfork\WilfVi20,HOU,35,NT,15,15,0,0,0,0,1,,,,,,,9,12,
595,Mario Williams\WillMa22,MIA,31,de,13,5,0,0,0,0,1,,,,,,1.5,9,4,
596,C.J. Wilson\WilsC.98,CHI,29,nt,6,1,,,,,,,,,,,1.0,9,4,
597,David Bass\BassDa00,TEN,26,,13,0,,,,,,,,,,,,8,4,
598,Bene Benwikere\BenwBe00,CAR,25,rcb,4,4,1,1,0,1,4,,,,,,,8,2,
599,Justin Coleman\ColeJu01,NWE,23,db,10,1,0,0,0,0,3,,,,,,,8,0,
600,Lavar Edwards\EdwaLa00,2TM,26,,10,0,0,0,0,0,1,,,,,,2.0,8,3,
601,Javien Elliott\ElliJa01,TAM,23,cb,6,1,0,0,0,0,1,,,,,,,8,2,
602,Jayrone Elliott\ElliJa02,GNB,25,,11,0,,,,,,,,,,,1.0,8,4,
603,Kyler Fackrell\FackKy00,GNB,25,,13,0,0,0,0,0,1,1,0,0,0,0,2.0,8,1,
604,Adarius Glanton\GlanAd00,TAM,26,,16,0,,,,,,,,,,,,8,1,
605,Randy Gregory\GregRa00,DAL,24,,2,0,,,,,,,,,,,1.0,8,1,
606,De'Vante Harris\HarrDe04,NOR,23,cb,10,1,0,0,0,0,1,0,1,1,0,0,,8,1,
607,Kendall Langford\LangKe98,IND,30,de,7,7,0,0,0,0,2,0,0,1,0,0,,8,2,
608,Darius Latham\LathDa01,OAK,22,dt,14,2,0,0,0,0,1,,,,,,,8,9,
609,Demarcus Lawrence\LawrDe00,DAL,24,de,9,3,,,,,,1,0,0,0,0,1.0,8,3,
610,Corey Lemonier\LemoCo00,2TM,25,,9,1,0,0,0,0,1,1,0,1,0,0,2.0,8,1,
611,Kyle Love\LoveKy00,CAR,30,de,10,1,,,,,,1,0,1,0,0,1.5,8,8,
612,Ricardo Mathews\MathRi99,PIT,29,de,16,5,,,,,,,,,,,1.0,8,6,
613,Josh McNary\McNaJo00,IND,28,lb,16,3,,,,,,1,0,0,0,0,,8,5,
614,Robert Nelson\NelsRo00,HOU,26,,11,0,1,0,0,0,2,0,0,1,0,0,,8,1,
615,Alex Okafor\OkafAl00,ARI,25,,15,0,,,,,,1,0,1,0,0,3.5,8,3,
616,Joshua Perry\PerrJo01,SDG,22,lb,15,1,,,,,,1,0,0,0,0,,8,5,
617,Robert Quinn\QuinRo00,LAR,26,DE,9,8,0,0,0,0,2,2,0,0,0,0,4.0,8,2,
618,Hassan Ridgeway\RidgHa00,IND,22,de,16,5,0,0,0,0,1,,,,,,1.5,8,13,
619,Damion Square\SquaDa00,SDG,27,dt/nt,11,7,,,,,,,,,,,2.5,8,5,
620,Will Sutton\SuttWi00,CHI,25,nt,8,6,0,0,0,0,1,,,,,,,8,7,
621,Billy Winn\WinnBi00,DEN,27,de,16,2,,,,,,0,0,1,4,0,,8,11,
622,Ray-Ray Armstrong\ArmsRa01,SFO,27,,2,0,1,5,0,5,2,0,0,1,0,0,,7,1,
623,Jeremiah Attaochu\AttaJe00,SDG,23,lb,8,1,,,,,,,,,,,2.0,7,0,
624,Stefan Charles\CharSt00,DET,28,,12,0,,,,,,,,,,,,7,5,
625,Brandon Copeland\CopeBr00,DET,25,lb,16,1,,,,,,1,0,0,0,0,,7,4,
626,Brock Coyle\CoylBr00,SEA,26,lb,12,3,,,,,,,,,,,1.0,7,8,
627,Dwight Freeney\FreeDw00,ATL,36,de,15,1,,,,,,,,,,,3.0,7,3,
628,Rodney Gunter\GuntRo00,ARI,24,dt,16,1,,,,,,0,0,1,0,0,1.5,7,8,
629,Mike Hull\HullMi02,MIA,25,lb,16,1,1,8,0,8,1,,,,,,,7,8,
630,Margus Hunt\HuntMa00,CIN,29,,15,0,0,0,0,0,2,,,,,,,7,7,
631,Shaq Lawson\LawsSh00,BUF,22,lb,10,1,0,0,0,0,1,1,0,0,0,0,2.0,7,6,
632,Lorenzo Mauldin\MaulLo00,NYJ,24,lb,11,3,1,0,0,0,2,,,,,,2.5,7,9,
633,David Mayo\MayoDa00,CAR,23,,15,0,,,,,,,,,,,,7,1,
634,Darius Philon\PhilDa01,SDG,22,de,14,2,,,,,,,,,,,1.0,7,4,
635,D.J. Reader\ReadD.00,HOU,22,de/nt,16,7,0,0,0,0,1,,,,,,1.0,7,15,
636,Frostee Rucker\RuckFr99,ARI,33,dt,13,1,0,0,0,0,1,1,0,0,0,0,,7,6,
637,Neiko Thorpe\ThorNe00,SEA,26,,15,0,,,,,,0,0,1,0,0,,7,3,
638,Stephen Tulloch\TullSt20,PHI,31,lb,10,1,,,,,,,,,,,,7,0,
639,Brent Urban\UrbaBr00,BAL,25,,16,0,0,0,0,0,2,,,,,,2.0,7,3,
640,Aaron Wallace\WallAa00,TEN,23,,10,0,,,,,,,,,,,1.0,7,3,
641,Tourek Williams\WillTo00,SDG,25,,16,0,0,0,0,0,1,,,,,,1.0,7,6,
642,Bruce Carter\CartBr00,NYJ,28,lb,12,1,0,0,0,0,1,,,,,,,6,5,
643,James Cowser\CowsJa00,OAK,26,,6,0,,,,,,0,0,1,0,0,1.0,6,2,
644,Cody Davis\DaviCo02,LAR,27,db/fs,16,3,1,29,0,29,3,,,,,,,6,4,
645,Sheldon Day\DayxSh00,JAX,22,,16,0,,,,,,,,,,,1.0,6,2,
646,Terrence Fede\FedeTe00,MIA,25,,8,0,,,,,,0,0,1,0,0,,6,8,
647,Jonathan Freeny\FreeJo01,NWE,27,lb,5,4,,,,,,1,0,0,0,0,,6,4,
648,Terence Garvin\GarvTe00,WAS,26,,16,0,,,,,,,,,,,0.5,6,2,
649,C.J. Goodwin\GoodC.00,ATL,26,cb,14,1,0,0,0,0,2,,,,,,,6,1,
650,Matthew Ioannidis\IoanMa01,WAS,22,,10,0,,,,,,,,,,,,6,1,
651,John Jenkins\JenkJo00,2TM,27,,9,1,,,,,,,,,,,,6,7,
652,Anthony Johnson\JohnAn04,2TM,23,,11,1,,,,,,,,,,,,6,6,
653,Austin Johnson\JohnAu01,TEN,22,,10,0,0,0,0,0,1,,,,,,0.5,6,7,
654,Dontae Johnson\JohnDo02,SFO,25,,15,0,0,0,0,0,3,,,,,,,6,3,
655,Dean Lowry\LowrDe00,GNB,22,,15,0,0,0,0,0,1,,,,,,2.0,6,2,
656,Tyler Matakevich\MataTy00,PIT,24,,16,0,,,,,,,,,,,,6,2,
657,Michael Mauti\MautMi00,NOR,26,,8,0,,,,,,1,0,0,0,0,1.0,6,0,
658,Mike Morgan\MorgMi00,SEA,28,lb,9,3,1,14,0,14,1,,,,,,,6,4,
659,Stephen Paea\PaeaSt00,CLE,28,de,13,1,,,,,,,,,,,0.5,6,6,
660,Tenny Palepoi\PaleTe00,SDG,26,,13,0,,,,,,0,0,1,0,0,,6,7,
661,Denzel Rice\RiceDe00,HOU,23,,3,0,,,,,,,,,,,,6,3,
662,Derrick Shelby\ShelDe00,ATL,27,de,6,4,0,0,0,0,1,,,,,,,6,2,
663,Sealver Siliga\SiliSe00,2TM,26,,10,0,,,,,,,,,,,1.0,6,4,
664,Ed Stinson\StinEd00,ARI,25,dt,4,1,,,,,,,,,,,,6,0,
665,Darian Thompson\ThomDa05,NYG,23,fs,2,1,,,,,,,,,,,,6,1,
666,Leterrius Walton\WaltLe00,PIT,24,de,10,4,0,0,0,0,1,,,,,,,6,2,
667,Nicholas Williams\WillNi01,2TM,26,,10,0,,,,,,,,,,,,6,1,
668,D.J. Alexander*\AlexD.00,KAN,25,lilb,16,1,,,,,,1,0,0,0,0,,5,0,
669,Allen Bailey\BailAl00,KAN,27,de,5,5,,,,,,,,,,,,5,2,
670,Freddie Bishop\BishFr00,NYJ,26,,4,3,0,0,0,0,1,,,,,,,5,4,
671,Corbin Bryant\BryaCo00,BUF,28,nt,8,6,,,,,,,,,,,,5,6,
672,Vernon Butler\ButlVe00,CAR,22,,10,0,0,0,0,0,1,0,0,1,0,0,1.5,5,8,
673,Shilique Calhoun\CalhSh00,OAK,24,,10,0,0,0,0,0,1,,,,,,,5,0,
674,Kevin Dodd\DoddKe00,TEN,24,lb,9,1,,,,,,,,,,,1.0,5,0,
675,Kasim Edebali\EdebKa00,NOR,27,de,16,1,0,0,0,0,1,,,,,,1.0,5,3,
676,Andrew Gachkar\GachAn00,DAL,28,,16,0,,,,,,,,,,,,5,2,
677,Adam Gotsis\GotsAd00,DEN,24,,16,0,0,0,0,0,1,0,0,1,0,0,,5,9,
678,Dwayne Gratz\GratDw00,2TM,26,,6,0,,,,,,,,,,,,5,0,
679,Deiondre' Hall\HallDe02,CHI,22,,8,0,1,0,0,0,3,,,,,,,5,2,
680,Joel Heath\HeatJo01,HOU,23,de,12,6,,,,,,,,,,,2.0,5,3,
681,John Hughes\HughJo00,2TM,28,,5,0,,,,,,,,,,,,5,1,
682,Ramon Humber\HumbRa00,BUF,29,lb,16,1,,,,,,,,,,,,5,0,
683,Asa Jackson\JackAs00,DET,27,cb,4,2,0,0,0,0,1,,,,,,,5,2,
684,Tyson Jackson\JackTy98,ATL,30,de/dt,16,7,0,0,0,0,2,,,,,,,5,8,
685,Josh Johnson\JohnJo07,JAX,27,,8,0,0,0,0,0,1,,,,,,0.5,5,4,
686,Jonathan Jones\JoneJo03,NWE,23,db,16,1,0,0,0,0,1,1,0,1,0,0,,5,1,
687,Cory Littleton\LittCo01,LAR,23,lb,16,1,,,,,,,,,,,,5,5,
688,Harlan Miller\MillHa00,ARI,22,db/fs,2,2,1,52,0,52,1,,,,,,,5,1,
689,Mike Pennel\PennMi00,GNB,25,,8,0,0,0,0,0,1,,,,,,,5,2,
690,Dashaun Phillips\PhilDa00,WAS,25,de,5,2,,,,,,0,0,1,0,0,,5,2,
691,Caraun Reid\ReidCa00,SDG,25,,7,0,0,0,0,0,1,0,0,1,61,1,1.0,5,0,
692,Tharold Simon\SimoTh00,ARI,25,,9,0,,,,,,,,,,,,5,1,
693,Brynden Trawick\TrawBr00,OAK,27,,15,0,1,0,0,0,1,,,,,,,5,4,
694,Dekoda Watson\WatsDe99,DEN,28,,16,0,,,,,,1,0,0,0,0,1.0,5,1,
695,P.J. Williams\WillP.00,NOR,23,cb,2,2,0,0,0,0,2,,,,,,,5,2,
696,Teddy Williams\WillTe00,CAR,28,,3,0,1,19,0,19,2,,,,,,,5,1,
697,Jerel Worthy\WortJe00,BUF,26,,13,0,,,,,,,,,,,,5,7,
698,Zaire Anderson\AndeZa01,DEN,24,lb,16,1,,,,,,1,0,0,0,0,,4,3,
699,Johnthan Banks\BankJo00,3TM,27,,9,2,0,0,0,0,1,,,,,,,4,2,
700,Angelo Blackson\BlacAn00,TEN,24,nt,13,2,0,0,0,0,1,,,,,,,4,5,
701,Armonty Bryant\BryaAr00,DET,26,,5,0,,,,,,1,0,0,0,0,3.0,4,1,
702,Marcus Burley\BurlMa00,CLE,26,,12,0,0,0,0,0,1,,,,,,,4,1,
703,Ryan Carrethers\CarrRy00,SDG,25,,4,0,,,,,,,,,,,,4,1,
704,Jordan Dangerfield\DangJo00,PIT,26,ss,13,2,,,,,,,,,,,,4,6,
705,Lorenzo Doss\DossLo00,DEN,22,,6,0,0,0,0,0,2,,,,,,,4,0,
706,Deshazor Everett\EverDe01,WAS,24,,16,0,1,0,0,0,1,,,,,,,4,0,
707,Matthias Farley\FarlMa00,IND,24,,16,0,,,,,,,,,,,,4,0,
708,Michael Hunter\HuntMi00,NYG,23,,2,0,,,,,,,,,,,,4,0,
709,Christian Jones\JoneCh05,CHI,25,lb,16,2,0,0,0,0,1,,,,,,,4,1,
710,Anthony Levine\LeviAn00,BAL,29,,16,0,0,0,0,0,1,,,,,,,4,3,
711,Matt Longacre\LongMa00,LAR,25,,6,0,,,,,,,,,,,,4,2,
712,Lerentee McCray\McCrLe01,BUF,26,,13,0,,,,,,1,0,0,0,0,,4,6,
713,T.Y. McGill\McGiT.00,IND,24,,13,0,0,0,0,0,1,1,0,0,0,0,2.0,4,2,
714,Christopher Milton\MiltCh00,IND,24,cb,6,1,0,0,0,0,2,,,,,,,4,2,
715,Barkevious Mingo\MingBa00,NWE,26,lb,16,1,,,,,,,,,,,,4,0,
716,Ryan Russell\RussRy00,TAM,24,,8,0,,,,,,,,,,,1.0,4,0,
717,Zack Sanchez\SancZa00,CAR,23,lcb,5,1,,,,,,,,,,,,4,4,
718,Chris Smith\SmitCh03,JAX,24,,6,0,,,,,,,,,,,1.0,4,0,
719,Paul Soliai\SoliPa99,CAR,33,de,10,1,,,,,,0,0,1,0,0,,4,4,
720,Brandon Spikes\SpikBr99,BUF,29,,11,0,,,,,,,,,,,,4,5,
721,Darrell Stuckey\StucDa20,SDG,29,,16,0,,,,,,0,0,1,0,0,,4,0,
722,Julius Warmsley\WarmJu00,MIA,26,,5,0,,,,,,,,,,,,4,4,
723,Duke Williams\WillDu00,2TM,26,,10,2,0,0,0,0,1,,,,,,,4,0,
724,Xavier Williams\WillXa00,ARI,24,nt,8,1,,,,,,,,,,,,4,2,
725,Mackensie Alexander\AlexMa01,MIN,23,,13,0,,,,,,,,,,,,3,2,
726,Richard Ash\AshxRi00,2TM,24,,2,0,,,,,,,,,,,,3,3,
727,Adairius Barnes\BarnAd01,DET,22,cb,7,1,,,,,,,,,,,,3,1,
728,Daren Bates\BateDa00,OAK,26,,16,0,,,,,,,,,,,,3,1,
729,Mike Catapano\CataMi00,NYJ,26,lb,11,3,,,,,,,,,,,,3,1,
730,Marcus Cromartie\CromMa01,SFO,26,,10,0,,,,,,0,0,1,0,0,,3,0,
731,Akeem Dent\DentAk00,HOU,29,lb,16,3,,,,,,,,,,,,3,1,
732,Pierre Desir\DesiPi00,SDG,26,,5,0,0,0,0,0,1,,,,,,,3,0,
733,Brandon Dunn\DunnBr00,HOU,24,,2,0,,,,,,,,,,,,3,0,
734,Nick Dzubnar\DzubNi00,SDG,25,,4,0,,,,,,,,,,,,3,3,
735,Clayton Fejedelem\FejeCl00,CIN,23,,16,0,,,,,,,,,,,,3,0,
736,Josh Forrest\ForrJo00,LAR,24,cb/lb,10,4,0,0,0,0,1,0,0,1,0,0,,3,3,
737,Morgan Fox\FoxxMo00,LAR,22,,4,0,,,,,,1,0,1,0,0,,3,2,
738,Ben Garland\GarlBe00,ATL,28,,16,0,,,,,,,,,,,,3,0,
739,Winston Guy\GuyxWi00,IND,26,,2,0,,,,,,,,,,,,3,1,
740,Antonio Hamilton\HamiAn01,OAK,23,,4,0,,,,,,,,,,,,3,0,
741,Wes Horton\HortWe00,CAR,26,DE,11,10,,,,,,2,0,2,4,0,2.5,3,8,
742,Anthony Johnson\JohnAn05,NWE,23,,2,0,,,,,,,,,,,,3,1,
743,Cyrus Jones\JoneCy00,NWE,23,db,10,1,,,,,,0,5,2,0,0,,3,4,
744,Ufomba Kamalu\KamaUf00,HOU,24,lb,4,1,,,,,,,,,,,1.0,3,2,
745,Emmanuel Lamur\LamuEm00,MIN,27,,16,0,,,,,,,,,,,,3,4,
746,Chris Lewis-Harris\LewiCh01,2TM,27,,14,0,1,11,0,11,2,,,,,,,3,2,
747,Leon McFadden\McFaLe00,DAL,26,,9,0,,,,,,,,,,,,3,2,
748,Sherrick McManis\McMaSh99,CHI,29,,16,0,,,,,,,,,,,,3,0,
749,Doug Middleton\MiddDo01,NYJ,23,,4,0,0,0,0,0,1,,,,,,,3,3,
750,Damontre Moore\MoorDa01,SEA,24,,4,0,,,,,,,,,,,0.5,3,4,
751,Eric Murray\MurrEr00,KAN,22,,16,0,,,,,,0,0,1,0,0,,3,0,
752,Ayodeji Olatoye\OlatAy00,ATL,25,,5,0,0,0,0,0,3,,,,,,,3,1,
753,Kevin Pierre-Louis\PierKe00,SEA,25,,13,0,,,,,,,,,,,,3,4,
754,Hayes Pullard\PullHa00,JAX,,,16,0,,,,,,,,,,,,3,2,
755,Brennan Scarlett\ScarBr00,HOU,23,,7,0,,,,,,,,,,,,3,7,
756,Sam Shields\ShieSa00,GNB,29,rcb,1,1,,,,,,,,,,,,3,0,
757,Antonio Smith\SmitAn22,HOU,35,,13,0,,,,,,,,,,,0.5,3,1,
758,Derron Smith\SmitDe05,CIN,24,,12,0,0,0,0,0,1,,,,,,,3,4,
759,Robert Thomas\ThomRo04,NYG,25,,8,0,,,,,,,,,,,1.0,3,2,
760,Peyton Thompson\ThomPe00,JAX,26,,15,0,,,,,,,,,,,,3,2,
761,Kayvon Webster\WebsKa00,DEN,25,,13,0,0,0,0,0,1,,,,,,,3,1,
762,Gabe Wright\WrigGa00,CLE,24,,5,0,0,0,0,0,1,,,,,,,3,1,
763,Kerry Wynn\WynnKe00,NYG,25,,14,0,,,,,,0,0,1,0,0,0.5,3,5,
764,Brennen Beyer\BeyeBr00,BAL,24,,1,0,,,,,,,,,,,,2,1,
765,Carl Bradford\BradCa01,2TM,24,,6,0,,,,,,,,,,,,2,1,
766,Crezdon Butler\ButlCr99,DET,29,,1,0,,,,,,,,,,,,2,0,
767,Tank Carder\CardTa00,CLE,27,,16,0,,,,,,,,,,,,2,0,
768,Don Carey\CareDo00,DET,29,,14,0,,,,,,1,0,0,0,0,,2,1,
769,Chimdi Chekwa\ChekCh00,MIA,28,,3,0,,,,,,,,,,,,2,0,
770,Kamalei Correa\CorrKa00,BAL,22,lb,9,1,0,0,0,0,1,1,0,0,0,0,,2,1,
771,Ryan Delaire\DelaRy00,CAR,24,,6,0,0,0,0,0,1,,,,,,1.0,2,3,
772,DeAndre Elliott\ElliDe01,SEA,24,,13,0,,,,,,,,,,,,2,0,
773,L.J. Fort\FortL.00,PIT,26,,14,0,,,,,,,,,,,,2,0,
774,Kedric Golston\GolsKe20,WAS,33,nt,2,2,,,,,,,,,,,,2,0,
775,Zaviar Gooden\GoodZa00,2TM,26,,8,0,,,,,,,,,,,,2,1,
776,Lamarr Houston\HousLa99,CHI,29,,2,0,,,,,,,,,,,,2,2,
777,Toby Johnson\JohnTo02,MIN,25,,2,0,,,,,,,,,,,,2,0,
778,Jayron Kearse\KearJa00,MIN,22,ss,16,1,,,,,,0,0,1,0,0,,2,1,
779,Darius Kilgo\KilgDa01,DEN,25,,9,0,,,,,,,,,,,,2,3,
780,Chris Landrum\LandCh00,SDG,24,,10,0,,,,,,,,,,,1.0,2,2,
781,Kareem Martin\MartKa00,ARI,24,,13,0,,,,,,1,0,0,0,0,,2,2,
782,Steven Means\MeanSt00,PHI,27,,8,0,,,,,,1,0,0,0,0,1.0,2,1,
783,Jonathan Meeks\MeekJo01,BUF,27,,16,0,0,0,0,0,1,0,0,1,0,0,,2,3,
784,Sharrod Neasman\NeasSh00,ATL,25,,3,0,,,,,,,,,,,,2,1,
785,Mark Nzeocha\NzeoMa00,DAL,26,,5,0,,,,,,,,,,,,2,0,
786,Nate Orchard\OrchNa00,CLE,23,lb,3,1,,,,,,,,,,,,2,2,
787,Nate Palmer\PalmNa01,TEN,27,,14,0,,,,,,,,,,,,2,0,
788,Kyle Peko\PekoKy00,DEN,23,,1,0,,,,,,,,,,,,2,0,
789,Christian Ringo\RingCh00,GNB,24,,7,0,,,,,,1,0,0,0,0,,2,0,
790,Marcus Roberson\RobeMa00,BUF,24,,7,0,0,0,0,0,1,,,,,,,2,0,
791,Terrance Smith\SmitTe04,KAN,23,lilb/rilb,9,2,,,,,,,,,,,,2,0,
792,Devon Still\StilDe00,HOU,27,,3,0,,,,,,,,,,,,2,1,
793,Vinnie Sunseri\SunsVi00,SFO,23,,6,0,,,,,,,,,,,,2,0,
794,Kyle Wilber\WilbKy00,DAL,27,lb,15,1,,,,,,1,0,2,0,0,,2,1,
795,Jarrod Wilson\WilsJa00,JAX,22,,16,0,,,,,,,,,,,,2,0,
796,Antwaun Woods\WoodAn02,TEN,23,,1,0,,,,,,,,,,,,2,1,
797,Mehdi Abdesmad\AbdeMe00,TEN,25,,2,0,,,,,,,,,,,,1,0,
798,Jonathan Anderson\AndeJo01,CHI,25,,8,0,,,,,,,,,,,,1,1,
799,Marcus Ball\BallMa00,2TM,29,,6,0,,,,,,,,,,,,1,0,
800,T.J. Barnes\BarnT.00,KAN,26,,5,0,,,,,,,,,,,,1,0,
801,Bryan Braman\BramBr00,PHI,29,,16,0,,,,,,,,,,,,1,0,
802,C.B. Bryant\BryaC.00,ARI,24,,3,0,,,,,,,,,,,,1,0,
803,Chris Carter\CartCh00,2TM,27,,14,0,,,,,,,,,,,,1,0,
804,Audie Cole\ColeAu00,MIN,27,,16,0,,,,,,0,0,1,0,0,,1,4,
805,Deandre Coleman\ColeDe01,BUF,25,,5,0,,,,,,,,,,,,1,2,
806,Ryan Davis\DaviRy00,DAL,27,,9,0,,,,,,0,0,1,0,0,,1,3,
807,Will Davis\DaviWi02,BAL,26,,3,0,1,0,0,0,1,,,,,,,1,3,
808,K.J. Dillon\DillK.00,HOU,23,,5,0,,,,,,,,,,,,1,1,
809,Brian Dixon\DixoBr01,NOR,26,,5,0,,,,,,,,,,,,1,0,
810,Makinton Dorleant\DorlMa00,GNB,24,,4,0,,,,,,,,,,,,1,0,
811,Mario Edwards\EdwaMa01,OAK,22,,2,0,,,,,,,,,,,,1,1,
812,Matt Elam\ElamMa00,BAL,25,,9,0,,,,,,,,,,,,1,0,
813,Kavon Frazier\FrazKa00,DAL,22,,9,0,,,,,,,,,,,,1,1,
814,Justin Gilbert\GilbJu00,PIT,25,,12,0,,,,,,,,,,,,1,0,
815,Malliciah Goodman\GoodMa01,2TM,26,,3,0,,,,,,,,,,,,1,0,
816,B.J. Goodson\GoodB.00,NYG,23,,15,0,,,,,,1,0,0,0,0,,1,1,
817,Kamu Grugier-Hill\GrugKa00,PHI,22,,12,0,,,,,,,,,,,,1,0,
818,Woodrow Hamilton\HamiWo00,NWE,24,dt,2,1,,,,,,,,,,,,1,2,
819,Dwayne Harris*\HarrDw00,NYG,29,wr,16,1,,,,,,0,3,1,0,0,,1,0,
820,Taylor Hart\HartTa00,SFO,25,,1,0,,,,,,,,,,,,1,1,
821,Tyrone Holmes\HolmTy01,CLE,23,,11,0,,,,,,,,,,,1.0,1,4,
822,Jordan Howard*\HowaJo00,CHI,22,RB,15,13,,,,,,0,2,4,0,0,,1,0,
823,Branden Jackson\JackBr04,OAK,24,,3,0,,,,,,,,,,,,1,0,
824,Tony Jerod-Eddie\JeroTo00,SFO,26,,9,0,,,,,,,,,,,,1,2,
825,Andre Johnson\JohnAn02,TEN,35,wr,8,3,,,,,,,,,,,,1,0,
826,Colin Jones\JoneCo01,CAR,29,fs,14,1,,,,,,,,,,,,1,1,
827,Howard Jones\JoneHo01,TAM,26,,8,0,,,,,,0,0,1,0,0,,1,0,
828,Taiwan Jones\JoneTa01,NYJ,23,,3,0,,,,,,,,,,,,1,0,
829,Shiloh Keo\KeoxSh00,2TM,29,,10,0,,,,,,0,0,3,0,0,,1,0,
830,Brandon King\KingBr02,NWE,23,,16,0,,,,,,,,,,,,1,0,
831,Deon King\KingDe00,2TM,23,,6,0,,,,,,,,,,,,1,0,
832,Kendrick Lewis\LewiKe00,BAL,28,,6,0,,,,,,1,0,0,0,0,,1,0,
833,Zach Line\LineZa01,MIN,26,fb/te,15,4,,,,,,,,,,,,1,0,
834,Curt Maggitt\MaggCu01,IND,23,,9,0,,,,,,,,,,,,1,3,
835,Gabe Martin\MartGa00,ARI,24,,8,0,,,,,,0,0,1,-1,0,,1,1,
836,Johnny Maxey\MaxeJo00,PIT,23,,2,0,,,,,,,,,,,,1,0,
837,Taurean Nixon\NixoTa00,DEN,25,,2,0,,,,,,,,,,,,1,0,
838,Jordan Norwood\NorwJo00,DEN,30,wr,14,6,,,,,,0,5,1,0,0,,1,0,
839,Owamagbe Odighizuwa\OdigOw00,NYG,24,,14,0,0,0,0,0,1,,,,,,,1,0,
840,Patrick Onwuasor\OnwuPa00,BAL,24,lb,11,1,,,,,,1,0,0,0,0,,1,9,
841,Leon Orr\OrrxLe00,MIA,24,,5,0,,,,,,,,,,,,1,0,
842,Brian Peters\PeteBr00,HOU,28,,12,0,,,,,,,,,,,,1,0,
843,Bobby Rainey\RainBo00,NYG,29,,15,0,,,,,,0,1,0,0,0,,1,0,
844,Kalan Reed\ReedKa00,TEN,23,,4,0,,,,,,,,,,,,1,0,
845,Al-Hajj Shabazz\ShabAl00,2TM,24,,7,0,,,,,,,,,,,,1,0,
846,Garrison Smith\SmitGa01,SEA,25,,3,0,,,,,,,,,,,,1,4,
847,C.J. Spiller\SpilC.00,2TM,29,,6,0,,,,,,1,1,1,0,0,,1,0,
848,Darren Sproles*\SproDa00,PHI,33,rb,15,5,,,,,,0,1,3,0,0,,1,0,
849,Robenson Therezie\TherRo00,ATL,24,,12,0,,,,,,,,,,,,1,0,
850,Lawrence Thomas\ThomLa04,NYJ,23,,3,1,,,,,,,,,,,,1,1,
851,Lynden Trail\TraiLy00,WAS,25,,2,0,0,0,0,0,1,,,,,,,1,1,
852,Jordan Tripp\TripJo00,2TM,25,,9,1,,,,,,,,,,,,1,0,
853,Channing Ward\WardCh00,TAM,24,dt,4,1,,,,,,,,,,,,1,4,
854,J.J. Watt\WattJ.00,HOU,27,de,3,3,,,,,,0,0,1,0,0,1.5,1,7,
855,Larry Webster\WebsLa00,CAR,26,,1,0,,,,,,,,,,,,1,0,
856,DeShawn Williams\WillDe04,CIN,24,,4,0,,,,,,,,,,,0.5,1,1,
857,Frankie Williams\WillFr05,IND,23,,3,0,,,,,,,,,,,,1,0,
858,Mike Adams\AdamMi02,CHI,26,rt,11,1,,,,,,0,0,1,0,0,,,,
859,Nelson Agholor\AghoNe00,PHI,23,WR,15,14,,,,,,0,1,1,0,0,,,,
860,Kamar Aiken\AikeKa00,BAL,27,wr,16,6,,,,,,0,0,2,-2,0,,,,
861,Jay Ajayi*\AjayJa00,MIA,23,RB,15,12,,,,,,0,4,2,0,0,,,,
862,Dominique Alexander\AlexDo01,CLE,21,,14,0,,,,,,0,0,1,2,0,,,,
863,Antonio Allen\AlleAn02,NYJ,28,,12,0,,,,,,,,,,,,0,1,
864,Danny Amendola\AmenDa00,NWE,31,wr,12,4,,,,,,0,3,2,0,0,,,,
865,Tavon Austin\AustTa00,LAR,25,WR,15,15,,,,,,0,5,2,0,0,,,,
866,Matt Barkley\BarkMa00,CHI,26,qb,7,6,,,,,,0,4,1,-7,0,,,,
867,Houston Bates\BateHo00,WAS,25,,14,0,,,,,,,,,,,,0,1,
868,Zane Beadles\BeadZa20,SFO,30,c/LG/lt,16,16,,,,,,0,0,1,0,0,,,,
869,Odell Beckham*\BeckOd00,NYG,24,WR,16,16,0,0,0,0,1,0,3,1,0,0,,,,
870,Le'Veon Bell*\BellLe00,PIT,24,RB,12,12,,,,,,0,4,2,4,0,,,,
871,Josh Bellamy\BellJo02,CHI,27,wr,16,2,,,,,,1,0,0,0,0,,,,
872,Giovani Bernard\BernGi00,CIN,25,rb,10,2,,,,,,0,1,1,0,0,,,,
873,Kapri Bibbs\BibbKa00,DEN,23,,12,0,,,,,,0,0,1,0,0,,,,
874,Brandon Bolden\BoldBr00,NWE,26,,14,0,,,,,,1,0,1,0,0,,,,
875,Devontae Booker\BookDe00,DEN,23,rb,16,6,,,,,,0,4,2,0,0,,,,
876,Alex Boone\BoonAl21,MIN,29,LG,14,14,,,,,,0,0,1,0,0,,,,
877,Trevone Boykin\BoykTr00,SEA,23,,6,0,,,,,,0,1,1,0,0,,,,
878,Sam Bradford\BradSa00,MIN,29,QB,15,15,,,,,,0,10,3,-6,0,,,,
879,Tom Brady*\BradTo00,NWE,39,QB,12,12,,,,,,0,5,4,-1,0,,,,
880,Drew Brees*\BreeDr00,NOR,37,QB,16,16,,,,,,0,5,1,0,0,,,,
881,Jacoby Brissett\BrisJa00,NWE,23,qb,3,2,,,,,,0,3,1,0,0,,,,
882,Terrence Brooks\BrooTe00,PHI,25,,11,0,1,6,0,6,1,2,0,0,0,0,,,,
883,Malcolm Brown\BrowMa03,LAR,,,16,0,,,,,,0,1,1,0,0,,,,
884,Trenton Brown\BrowTr02,SFO,23,RT,16,16,,,,,,0,0,1,0,0,,,,
885,Rex Burkhead\BurkRe00,CIN,26,rb,16,1,,,,,,1,1,0,0,0,,,,
886,Trey Burton\BurtTr01,PHI,25,te,15,4,,,,,,1,0,1,0,0,,,,
887,Jermon Bushrod\BushJe20,MIA,32,RG,16,16,,,,,,0,0,1,0,0,,,,
888,James Carpenter\CarpJa00,NYJ,27,LG,16,16,,,,,,0,0,1,0,0,,,,
889,Matt Cassel\CassMa00,TEN,34,qb,4,1,,,,,,0,1,1,0,0,,,,
890,Brent Celek\CeleBr00,PHI,31,te/wr,16,8,,,,,,0,1,1,0,0,,,,
891,Garrett Celek\CeleGa00,SFO,28,te,16,6,,,,,,1,2,0,0,0,,,,
892,Chris Clark\ClarCh21,HOU,31,lt/RT,16,14,,,,,,0,0,1,0,0,,,,
893,Randall Cobb\CobbRa00,GNB,26,WR,13,10,,,,,,1,1,2,0,0,,,,
894,Alex Collins\CollAl00,SEA,22,,11,0,,,,,,0,2,1,0,0,,,,
895,Jared Cook\CookJa02,GNB,29,tb/te,10,5,,,,,,0,1,1,0,0,,,,
896,Kirk Cousins*\CousKi00,WAS,28,QB,16,16,,,,,,0,9,5,-4,0,,,,
897,Michael Crabtree\CrabMi00,OAK,29,WR,16,16,,,,,,0,2,1,11,0,,,,
898,Isaiah Crowell\CrowIs00,CLE,23,RB,16,16,,,,,,0,2,1,0,0,,,,
899,Benny Cunningham\CunnBe01,LAR,26,,11,0,,,,,,0,1,2,0,0,,,,
900,Jay Cutler\CutlJa00,CHI,33,qb,5,5,,,,,,0,6,2,0,0,,,,
901,Andy Dalton*\DaltAn00,CIN,29,QB,16,16,,,,,,0,9,2,-17,0,,,,
902,Orleans Darkwa\DarkOr00,NYG,24,rb,10,2,,,,,,0,0,1,0,0,,,,
903,Matt Darr\DarrMa00,MIA,24,P,16,0,,,,,,0,2,1,-6,0,,,,
904,Chris Davis\DaviCh05,SFO,26,c,4,1,,,,,,0,1,0,0,0,0.5,0,2,
905,Kellen Davis\DaviKe01,NYJ,31,te,8,7,,,,,,1,0,1,0,0,,,,
906,David DeCastro*\DeCaDa00,PIT,26,RG,16,16,,,,,,0,0,1,0,0,,,,
907,Kenneth Dixon\DixoKe00,BAL,22,,12,0,,,,,,0,1,1,0,0,,,,
908,Phillip Dorsett\DorsPh00,IND,23,wr,15,7,,,,,,0,1,1,-4,0,,,,
909,Harry Douglas\DougHa00,TEN,32,wr,11,2,,,,,,0,0,1,0,0,,,,
910,Shaun Draughn\DrauSh00,SFO,29,rb,16,1,,,,,,0,1,1,0,0,,,,
911,Lance Dunbar\DunbLa00,DAL,26,,13,0,,,,,,0,1,1,0,0,,,,
912,Nate Ebner\EbneNa00,NWE,28,,16,0,,,,,,1,0,1,0,0,,,,
913,Ezekiel Elliott*+\ElliEz00,DAL,21,RB,15,15,,,,,,0,5,3,-7,0,,,,
914,Alex Erickson\EricAl01,CIN,24,,16,0,,,,,,0,3,3,0,0,,,,
915,Cameron Erving\ErviCa00,CLE,24,C/rt,13,13,,,,,,0,1,1,-15,0,,,,
916,Anthony Fasano\FasaAn00,TEN,32,TE,16,9,,,,,,0,0,1,0,0,,,,
917,Ryan Fitzpatrick\FitzRy00,NYJ,34,QB,14,11,,,,,,0,9,4,-6,0,,,,
918,Joe Flacco\FlacJo00,BAL,31,QB,16,16,,,,,,0,5,1,-2,0,,,,
919,Coby Fleener\FleeCo00,NOR,28,TE,16,8,,,,,,0,2,1,0,0,,,,
920,Marquis Flowers\FlowMa00,CIN,24,,16,0,,,,,,0,0,1,0,0,,,,
921,Doug Free\FreeDo20,DAL,32,RT,16,16,,,,,,0,0,2,0,0,,,,
922,Devonta Freeman*\FreeDe00,ATL,24,RB,16,16,,,,,,0,1,1,0,0,,,,
923,Nolan Frese\FresNo00,SEA,24,,16,0,,,,,,1,1,0,-14,0,,,,
924,Pierre Garcon\GarcPi00,WAS,30,WR,16,16,,,,,,0,0,1,7,0,,,,
925,Joshua Garnett\GarnJo00,SFO,22,RG,15,11,,,,,,0,0,3,0,0,,,,
926,Breno Giacomini\GiacBr20,NYJ,31,rt,5,5,,,,,,0,0,1,0,0,,,,
927,Mike Gillislee\GillMi00,BUF,26,rb,15,1,,,,,,0,1,1,0,0,,,,
928,Ted Ginn\GinnTe00,CAR,31,WR,16,8,,,,,,0,3,1,0,0,,,,
929,Mark Glowinski\GlowMa00,SEA,24,LG,16,16,,,,,,0,0,2,0,0,,,,
930,Jared Goff\GoffJa00,LAR,22,qb,8,7,,,,,,0,5,1,0,0,,,,
931,Brittan Golden\GoldBr00,ARI,28,wr,12,1,,,,,,0,1,1,0,0,,,,
932,Jakeem Grant\GranJa00,MIA,24,,16,0,,,,,,0,4,3,0,0,,,,
933,MarQueis Gray\GrayMa00,MIA,27,te,16,7,,,,,,0,0,1,0,0,,,,
934,Rashad Greene\GreeRa00,JAX,24,,8,0,,,,,,0,4,2,0,0,,,,
935,Robert Griffin\GrifRo01,CLE,26,qb,5,5,,,,,,0,4,1,-18,0,,,,
936,Jonathan Grimes\GrimJo01,HOU,27,,10,0,,,,,,1,0,0,0,0,,,,
937,Geneo Grissom\GrisGe00,NWE,24,,11,0,,,,,,,,,,,,0,1,
938,Todd Gurley\GurlTo01,LAR,22,RB,16,16,,,,,,0,2,1,0,0,,,,
939,Bryce Hager\HageBr00,LAR,24,,16,0,0,0,0,0,1,,,,,,,,,
940,Chris Hairston\HairCh00,SDG,27,lt/rt,15,5,,,,,,0,0,1,0,0,,,,
941,Demetrius Harris\HarrDe03,KAN,25,TE,16,11,,,,,,0,1,1,27,1,,,,
942,Steven Hauschka\HausSt00,SEA,31,K,16,0,,,,,,1,0,0,0,0,,,,
943,Josh Hawkins\HawkJo00,GNB,23,,11,0,0,0,0,0,1,,,,,,,,,
944,Mark Herzlich\HerzMa00,NYG,29,,14,0,,,,,,0,0,1,0,0,,,,
945,Devin Hester\HestDe99,2TM,34,,12,0,,,,,,0,5,3,0,0,,,,
946,Darrius Heyward-Bey\HeywDa00,PIT,29,,10,0,,,,,,1,0,0,0,0,,,,
947,Tyreek Hill*+\HillTy00,KAN,22,wr,16,1,,,,,,0,4,2,0,0,,,,
948,Andre Holmes\HolmAn00,OAK,28,wr,16,2,,,,,,0,0,1,0,0,,,,
949,Brian Hoyer\HoyeBr00,CHI,31,qb,6,5,,,,,,0,3,2,-5,0,,,,
950,Marqueston Huff\HuffMa00,BAL,24,,11,0,,,,,,0,0,1,0,0,,,,
951,Adam Humphries\HumpAd00,TAM,23,wr,15,4,,,,,,0,3,2,0,0,,,,
952,Brett Hundley\HundBr00,GNB,23,,4,0,,,,,,0,1,1,-1,0,,,,
953,Akeem Hunt\HuntAk01,HOU,23,,8,0,,,,,,0,2,1,0,0,,,,
954,Allen Hurns\HurnAl01,JAX,25,WR,11,11,,,,,,0,1,1,0,0,,,,
955,Carlos Hyde\HydeCa00,SFO,26,RB,13,13,,,,,,0,5,2,0,0,,,,
956,Ben Ijalana\IjalBe00,NYJ,27,LT/rt,16,13,,,,,,0,0,1,0,0,,,,
957,Dontrelle Inman\InmaDo00,SDG,27,WR,16,16,0,0,0,0,1,,,,,,,,,
958,Mike Iupati\IupaMi20,ARI,29,LG,15,15,,,,,,0,0,1,0,0,,,,
959,Chris Ivory\IvorCh00,JAX,28,rb,11,1,,,,,,0,5,3,0,0,,,,
960,Ja'Wuan James\JameJa01,MIA,24,RT,16,16,,,,,,0,0,1,0,0,,,,
961,Quinton Jefferson\JeffQu00,SEA,23,,3,0,,,,,,,,,,,,0,1,
962,Rashad Jennings\JennRa00,NYG,31,RB,13,12,,,,,,0,1,1,4,0,,,,
963,John Jerry\JerrJo20,NYG,30,RG,16,16,,,,,,0,0,1,0,0,,,,
964,Charles Johnson\JohnCh08,MIN,27,wr,16,7,,,,,,0,0,1,2,0,,,,
965,David Johnson*+\JohnDa08,ARI,25,RB,16,16,,,,,,0,5,1,0,0,,,,
966,Jeron Johnson\JohnJe02,SEA,28,,4,0,,,,,,,,,,,,0,3,
967,Steven Johnson\JohnSt02,PIT,28,,6,0,,,,,,1,0,0,0,0,,,,
968,Donnie Jones\JoneDo21,PHI,36,P,16,0,,,,,,0,1,1,-14,0,,,,
969,Landry Jones\JoneLa02,PIT,27,qb,8,2,,,,,,0,0,2,0,0,,,,
970,Matt Jones\JoneMa04,WAS,23,rb,7,7,,,,,,0,3,2,0,0,,,,
971,Taiwan Jones\JoneTa00,OAK,28,,13,0,,,,,,0,0,1,0,0,,,,
972,Colin Kaepernick\KaepCo00,SFO,29,QB,12,11,,,,,,0,9,3,-4,0,,,,
973,Case Keenum\KeenCa00,LAR,28,QB,10,9,,,,,,0,5,3,0,0,,,,
974,Jason Kelce*\KelcJa00,PHI,29,C,16,16,,,,,,0,1,1,0,0,,,,
975,Cody Kessler\KessCo00,CLE,23,QB,9,8,,,,,,0,4,2,-12,0,,,,
976,Marquette King\KingMa00,OAK,28,P,16,0,,,,,,0,1,2,-3,0,,,,
977,Ben Koyack\KoyaBe00,JAX,23,te,14,7,,,,,,0,0,1,0,0,,,,
978,Anthony Lanier\LaniAn00,WAS,23,,4,0,,,,,,0,0,1,0,0,,,,
979,Ronald Leary\LearRo00,DAL,28,LG,13,12,,,,,,0,0,1,0,0,,,,
980,Dion Lewis\LewiDi00,NWE,26,rb,7,5,,,,,,0,1,1,0,0,,,,
981,Roger Lewis\LewiRo03,NYG,23,wr,13,1,,,,,,1,0,0,0,0,,,,
982,Tommylee Lewis\LewiTo00,NOR,24,wr,12,1,,,,,,0,2,1,0,0,,,,
983,Brandon Linder\LindBr00,JAX,24,C,14,14,,,,,,1,0,0,0,0,,,,
984,Ricardo Louis\LouiRi00,CLE,22,fb/wr,16,3,,,,,,1,1,2,1,0,,,,
985,Andrew Luck\LuckAn00,IND,27,QB,15,15,,,,,,0,6,3,-11,0,,,,
986,Cameron Lynch\LyncCa00,TAM,23,,12,0,,,,,,,,,,,,0,1,
987,Paxton Lynch\LyncPa00,DEN,22,qb,3,2,,,,,,0,2,1,0,0,,,,
988,EJ Manuel\ManuEJ00,BUF,26,qb,7,1,,,,,,0,2,1,0,0,,,,
989,Marcus Mariota\MariMa01,TEN,23,QB,15,15,,,,,,0,9,2,-22,0,,,,
990,Brandon Marshall\MarsBr00,NYJ,32,WR,15,15,,,,,,1,0,1,0,0,,,,
991,Jalin Marshall\MarsJa01,NYJ,21,wr,10,1,,,,,,0,4,2,0,0,,,,
992,Nick Marshall\MarsNi00,NYJ,24,,8,0,,,,,,0,0,1,14,0,,,,
993,Doug Martin\MartDo00,TAM,27,RB,8,8,,,,,,0,1,1,-2,0,,,,
994,Josh Martin\MartJo02,NYJ,25,,15,0,,,,,,,,,,,0.5,0,1,
995,Ronald Martin\MartRo02,NYJ,23,,3,0,,,,,,,,,,,,0,2,
996,Zack Martin*+\MartZa00,DAL,26,RG,16,16,,,,,,0,0,1,0,0,,,,
997,Pat McAfee*\McAfPa44,IND,29,P,16,0,,,,,,0,0,1,0,0,,,,
998,Josh McCown\McCoJo01,CLE,37,qb,5,3,,,,,,0,7,2,-7,0,,,,
999,LeSean McCoy*\McCoLe01,BUF,28,RB,15,15,,,,,,0,3,1,-5,0,,,,
1000,Dewey McDonald\McDoDe01,SEA,26,,14,0,0,0,0,0,1,,,,,,,,,
1001,Sean McGrath\McGrSe00,SDG,29,te,16,5,,,,,,1,0,1,0,0,,,,
1002,Cameron Meredith\MereCa00,CHI,24,WR,14,10,,,,,,0,3,1,0,0,,,,
1003,Christine Michael\MichCh00,2TM,26,,15,7,,,,,,0,2,1,0,0,,,,
1004,John Miller\MillJo04,BUF,23,RG,16,16,,,,,,0,0,1,0,0,,,,
1005,Lamar Miller\MillLa01,HOU,25,RB,14,14,,,,,,0,2,2,0,0,,,,
1006,Jordan Mills\MillJo02,BUF,26,RT,16,16,,,,,,0,0,1,0,0,,,,
1007,Ifeanyi Momah\MomaIf00,ARI,27,te,5,1,,,,,,1,0,1,0,0,,,,
1008,Chris Moore\MoorCh00,BAL,23,,15,0,,,,,,0,1,2,0,1,,,,
1009,Matt Moore\MoorMa01,MIA,32,qb,5,3,,,,,,0,1,1,0,0,,,,
1010,Dezman Moses\MoseDe00,KAN,27,,3,0,,,,,,,,,,,,0,1,
1011,DeMarco Murray*\MurrDe00,TEN,28,RB,16,16,,,,,,0,3,1,0,0,,,,
1012,Cam Newton\NewtCa00,CAR,27,QB,15,14,,,,,,0,3,1,0,0,,,,
1013,Dadi Nicolas\NicoDa00,KAN,24,,9,0,0,0,0,0,1,,,,,,,,,
1014,Robert Nkemdiche\NkemRo00,ARI,22,,6,0,0,0,0,0,1,,,,,,,0,1,
1015,Ty Nsekhe\NsekTy00,WAS,31,lt,16,4,,,,,,1,0,0,0,0,,,,
1016,James O'Shaughnessy\O'ShJa00,KAN,24,te,16,3,,,,,,0,0,1,0,0,,,,
1017,Victor Ochi\OchiVi00,NYJ,23,lb,2,1,,,,,,,,,,,,0,1,
1018,Cedric Ogbuehi\OgbuCe00,CIN,24,lt/RT/t,14,12,,,,,,0,0,1,0,0,,,,
1019,Russell Okung\OkunRu20,DEN,29,LT,16,16,,,,,,0,0,1,0,0,,,,
1020,Brock Osweiler\OsweBr00,HOU,26,QB,15,14,,,,,,0,5,2,-5,0,,,,
1021,Carson Palmer\PalmCa00,ARI,37,QB,15,15,,,,,,0,14,6,-21,0,,,,
1022,Matt Paradis\ParaMa00,DEN,27,C,16,16,,,,,,0,0,1,0,0,,,,
1023,Jermey Parnell\ParnJe00,JAX,30,RT,16,16,,,,,,0,0,1,0,0,,,,
1024,Austin Pasztor\PaszAu00,CLE,26,rg/RT,16,16,,,,,,0,0,1,0,0,,,,
1025,Charone Peake\PeakCh00,NYJ,24,te,15,1,,,,,,0,0,1,42,1,,,,
1026,Paul Perkins\PerkPa00,NYG,22,rb,14,1,,,,,,0,1,1,0,0,,,,
1027,Bryce Petty\PettBr01,NYJ,25,qb,6,4,,,,,,0,1,1,0,0,,,,
1028,Walt Powell\PoweWa00,BUF,25,fb/wr,9,2,,,,,,1,0,0,0,0,,,,
1029,Dak Prescott*\PresDa01,DAL,23,QB,16,16,,,,,,0,9,3,-3,0,,,,
1030,Terrelle Pryor\PryoTe00,CLE,27,WR,16,15,,,,,,0,1,1,0,0,,,,
1031,Ryan Quigley\QuigRy00,ARI,26,p,6,0,,,,,,1,0,0,0,0,,,,
1032,Kalif Raymond\RaymKa00,DEN,22,,4,0,,,,,,0,2,1,0,0,,,,
1033,Jalen Richard\RichJa01,OAK,23,,16,0,,,,,,0,0,1,-2,0,,,,
1034,Jordan Richards\RichJo00,NWE,23,,11,0,,,,,,0,0,1,0,0,,,,
1035,Aaron Ripkowski\RipkAa00,GNB,24,FB,16,8,,,,,,0,0,1,0,0,,,,
1036,Philip Rivers*\RivePh00,SDG,35,QB,16,16,,,,,,0,9,3,-10,0,,,,
1037,Allen Robinson\RobiAl02,JAX,23,WR,16,16,,,,,,0,1,1,0,0,,,,
1038,Denard Robinson\RobiDe00,JAX,26,rb,13,1,,,,,,0,0,1,0,0,,,,
1039,Greg Robinson\RobiGr01,LAR,24,LT,14,14,,,,,,0,0,1,0,0,,,,
1040,Aaron Rodgers*\RodgAa00,GNB,33,QB,16,16,,,,,,0,8,1,-3,0,,,,
1041,Ben Roethlisberger*\RoetBe00,PIT,34,QB,14,14,,,,,,0,8,4,-1,0,,,,
1042,Eli Rogers\RogeEl00,PIT,,te/wr,13,8,,,,,,1,1,0,0,0,,,,
1043,Jeremy Ross\RossJe01,2TM,28,,6,1,,,,,,0,0,1,0,0,,,,
1044,Eddie Royal\RoyaEd00,CHI,30,wr,9,1,,,,,,0,2,1,0,0,,,,
1045,KeiVarae Russell\RussKe00,CIN,23,,5,0,1,0,0,0,1,,,,,,,,,
1046,Jon Ryan\RyanJo21,SEA,35,P,16,0,,,,,,0,3,2,0,0,,,,
1047,Matt Ryan*+\RyanMa00,ATL,31,QB,16,16,,,,,,0,4,2,-3,0,,,,
1048,Emmanuel Sanders*\SandEm00,DEN,29,WR,16,16,,,,,,0,1,1,0,0,,,,
1049,Colton Schmidt\SchmCo00,BUF,26,P,16,0,,,,,,0,1,1,0,0,,,,
1050,Ryan Schraeder\SchrRy00,ATL,28,RT,16,16,,,,,,0,0,1,0,0,,,,
1051,Brian Schwenke\SchwBr00,TEN,25,lg,16,3,,,,,,0,0,1,0,0,,,,
1052,Russell Shepard\ShepRu00,TAM,26,wr,14,4,,,,,,0,0,1,0,0,,,,
1053,Marcus Sherels\SherMa20,MIN,29,,11,0,0,0,0,0,1,0,1,1,0,0,,,,
1054,Anthony Sherman\SherAn00,KAN,28,fb,16,3,,,,,,2,0,0,0,0,,,,
1055,Josh Sitton*\SittJo20,CHI,30,LG,13,12,,,,,,0,0,1,0,0,,,,
1056,Shayne Skov\SkovSh00,SFO,26,,9,0,,,,,,,,,,,,0,2,
1057,Alex Smith*\SmitAl03,KAN,32,QB,15,15,,,,,,0,7,2,-22,0,,,,
1058,Antone Smith\SmitAn01,TAM,31,,3,0,,,,,,0,2,1,0,0,,,,
1059,Steve Smith\SmitSt01,BAL,37,WR,14,14,,,,,,1,0,0,0,0,,,,
1060,Jason Spriggs\SpriJa00,GNB,22,rg,16,2,,,,,,0,0,1,0,0,,,,
1061,Matthew Stafford\StafMa00,DET,28,QB,16,16,,,,,,0,3,1,0,0,,,,
1062,James Starks\StarJa00,GNB,30,rb,9,4,,,,,,0,1,1,0,0,,,,
1063,Jonathan Stewart\StewJo00,CAR,29,RB,13,13,,,,,,0,3,1,0,0,,,,
1064,Ryan Tannehill\TannRy00,MIA,28,QB,13,13,,,,,,0,9,3,-27,0,,,,
1065,Golden Tate\TateGo00,DET,28,WR,16,16,,,,,,0,2,1,0,0,,,,
1066,Jordan Taylor\TaylJo01,DEN,24,,16,0,,,,,,0,1,1,0,0,,,,
1067,Tyrod Taylor\TaylTy00,BUF,27,QB,15,15,,,,,,0,4,3,-6,0,,,,
1068,Adam Thielen\ThieAd00,MIN,26,WR,16,10,,,,,,0,2,2,0,0,,,,
1069,Julius Thomas\ThomJu00,JAX,28,te,9,6,,,,,,1,0,0,0,0,,,,
1070,Michael Thomas\ThomMi05,NOR,23,WR,15,12,,,,,,0,2,2,10,0,,,,
1071,Mike Thomas\ThomMi04,LAR,22,,15,0,,,,,,1,1,0,0,0,,,,
1072,Chris Thompson\ThomCh03,WAS,26,,16,0,,,,,,0,2,2,0,0,,,,
1073,Joe Thuney\ThunJo00,NWE,24,LG,16,16,,,,,,0,0,1,0,0,,,,
1074,Mike Tolbert*\TolbMi00,CAR,31,fb,16,2,,,,,,1,0,0,0,0,,,,
1075,Scott Tolzien\TolzSc00,IND,29,qb,3,1,,,,,,0,1,1,0,0,,,,
1076,J.C. Tretter\TretJC00,GNB,25,c,7,7,,,,,,0,0,1,0,0,,,,
1077,Halapoulivaati Vaitai\VaitHa00,PHI,23,rt,7,6,,,,,,0,0,1,0,0,,,,
1078,Ricky Wagner\WagnRi00,BAL,27,RT,15,14,,,,,,0,0,1,0,0,,,,
1079,Delanie Walker*\WalkHu00,TEN,32,TE,15,10,,,,,,0,1,1,0,0,,,,
1080,Spencer Ware\WareSp00,KAN,25,RB,14,14,,,,,,0,4,2,0,0,,,,
1081,Greg Warren\WarrGr20,PIT,35,,16,0,,,,,,0,0,1,0,0,,,,
1082,DeAndre Washington\WashDe00,OAK,23,rb,14,2,,,,,,0,1,1,0,0,,,,
1083,Earl Watford\WatfEa00,ARI,26,RG/rt,15,11,,,,,,0,0,3,0,0,,,,
1084,Menelik Watson\WatsMe00,OAK,28,rt/t,10,5,,,,,,0,0,1,0,0,,,,
1085,Carson Wentz\WentCa00,PHI,24,QB,16,16,,,,,,0,14,7,-29,0,,,,
1086,Leonard Wester\WestLe00,TAM,23,,3,0,,,,,,0,0,1,0,0,,,,
1087,John Wetzel\WetzJo00,ARI,25,lg/lt/rg,16,8,,,,,,0,0,1,0,0,,,,
1088,James White\WhitJa02,NWE,24,rb,16,4,,,,,,0,0,1,0,0,,,,
1089,Lucky Whitehead\WhitLu00,DAL,24,wr,15,1,,,,,,0,3,2,0,0,,,,
1090,Brandon Wilds\WildBr01,NYJ,23,,4,0,,,,,,0,0,1,0,0,,,,
1091,Damien Williams\WillDa05,MIA,24,,15,0,,,,,,0,1,1,0,0,,,,
1092,Wendall Williams\WillWe00,HOU,26,,3,0,,,,,,0,0,1,-6,0,,,,
1093,Russell Wilson\WilsRu00,SEA,28,QB,16,16,,,,,,0,8,4,-7,0,,,,
1094,James Winchester\WincJa00,KAN,27,,16,0,,,,,,0,0,1,0,0,,,,
1095,Eric Winston\WinsEr20,CIN,33,t,16,2,,,,,,0,0,1,0,0,,,,
1096,Jameis Winston\WinsJa00,TAM,22,QB,16,16,,,,,,0,10,3,-21,0,,,,
1097,Scooby Wright\WrigSc00,ARI,22,,3,0,,,,,,,,,,,,0,1,
1098,Marshal Yanda*\YandMa20,BAL,32,lg/rg,13,13,,,,,,0,0,1,0,0,,,,
1099,Jeremy Zuttah*\ZuttJe20,BAL,30,C,16,16,,,,,,0,0,1,0,0,,,,
